[0] Alias,[1] PASSWORD,[2] ADMIN,[3] ONLINESTATUS,[4] The One
admin,admin,True,False,True
mist001,mist001,True,False,True
peer001,peer001,False,False,False
pewn001,pewn001,False,False,False
moes001,moes001,False,False,False
viep001,viep001,True,False,False
taat001,taat001,False,False,False
pest001,pest001,False,False,True
lera001,lera001,False,False,False
jooe001,jooe001,False,False,False
jaoe001,jaoe001,True,False,False
wems001,wems001,True,False,False
pums001,pums001,False,False,False
moms001,moms001,False,False,False
goms001,goms001,False,False,False
pein001,pein001,False,False,False
loin001,loin001,False,False,False
mein001,mein001,False,False,False
chin001,chin001,False,False,False
baor001,baor001,False,False,False
stin001,stin001,False,False,False
brin001,brin001,True,False,False
lust001,lust001,False,False,False
glre001,glre001,False,False,False
clwn001,clwn001,False,False,False
down001,down001,False,False,False
juwn001,juwn001,False,False,False
rabs001,rabs001,False,False,False
joon001,joon001,False,False,False
boon001,boon001,False,False,False
suon001,suon001,False,False,False
keon001,keon001,False,False,False
jads001,jads001,False,False,False
adst001,adst001,False,False,False
pein002,pein002,False,False,False
tiar001,tiar001,False,False,False
arar001,arar001,False,False,False
raar001,raar001,False,False,False
hoon001,hoon001,False,False,False
maon001,maon001,False,False,False
baon001,baon001,False,False,False
lion001,lion001,False,False,False
maon002,maon002,False,False,False
ners001,ners001,False,False,False
rors001,rors001,False,False,False
tors001,tors001,False,False,False
mars001,mars001,False,False,False
girs001,girs001,False,False,False
roer001,roer001,False,False,False
apon001,apon001,False,False,False
saon001,saon001,False,False,False
paer001,paer001,False,False,False
seer001,seer001,False,False,False
moth001,moth001,False,False,False
beth001,beth001,False,False,False
suth001,suth001,False,False,False
riez001,riez001,True,False,False
jeth001,jeth001,False,False,False
bion001,bion001,False,False,False
sqth001,sqth001,False,False,False
nath001,nath001,False,False,False
evth001,evth001,False,False,False
frne001,frne001,False,False,False
wine001,wine001,False,False,False
pene001,pene001,False,False,False
bale001,bale001,False,False,False
bele001,bele001,False,False,False
jooe002,jooe002,False,False,False
leek001,leek001,False,False,False
shep001,shep001,False,False,False
wark001,wark001,False,False,False
grrk001,grrk001,False,False,False
caon001,caon001,False,False,False
juon001,juon001,False,False,False
jaon001,jaon001,False,False,False
geon001,geon001,False,False,False
elon001,elon001,False,False,False
ason001,ason001,False,False,False
root001,root001,False,False,False
oron001,oron001,False,False,False
yaer001,yaer001,False,False,False
waer001,waer001,False,False,False
doer001,doer001,False,False,False
baor002,4F0D5iWO9B0C,False,False,False
stth001,G0xvHwEA0sr2,False,False,False
frth001,v817PSU1WRaO,False,False,False
roth001,9vHElgGSZ87E,False,False,False
hath001,Yn2Q3A0F8cEV,False,False,False
jald001,V6D37uiJ9HJ8,False,False,False
alck001,O433eHZ69RFg,False,False,False
bete001,cO2z8lH14DUD,False,False,False
wiye001,bo0dGw9Z0G3D,True,False,False
prom001,9EXBQ96bCE9i,False,False,False
blum001,fqu3YG12tcKK,False,False,False
buum001,YHmCHjS83RO9,False,False,False
buum002,9Och52rKXMVQ,False,False,False
saum001,R82Fu6C1UHi2,False,False,False
mian001,9RqIX93SV8wq,False,False,False
thon001,SzaNOc47GZ50,False,False
