zlcSS6hgsKPH5YUFJy0cSPT/lyzdUrDKNiOQRpwh6Yc=,ZTdMWGiUrFu6i2Vyc1aImyfhnauNizbRmX12g9ce2AU=,Qh/sz9OAfa2dTrxTM1k7lPTfzEcdFZkAHOgD2R8ylN8=,f0yoAYlYBWXAuJbHsrHINsHau1NJlmbAx/e6eOEp/gE=,HEMUSKbdKD+98kfat8mLNZ9eCo8bNOnlaxATHz+GiJs=,1lPBPnMZadEXN8M/ux7fUgQey2oKoXs2iYE98p76i0g=,y9Xaoct/aeIrnEeTaHBD8RCUiF0DkhBCvsvSmrng4gs=,jO8V+SJVyEzev2eu7u1Q686E31c8yo8Bk8hi1SyQQ9M=,Z5pI9SIjtRTzbxgya/fTrm6OmibY3OLzpQUPKcr5mnU=,30RU4VB0NuC7gOdEBInOLseO5Li2pnkZY4fDpH9Fw5k=
J5W7g6Bikh2Q+fXdFQ3ovJTzcCJE/vy68FbMty/e2WE=,tGZ27RrBrUFAdZlXfhFn/B52Q+DXxwM/Waj4q1kdPMQ=,H63wUDqlTBNZBBnMBZfDy5vORKAC4A7M0H29leAfGnI=,ztRwpQQ93PO9OvEPqRprluJL8AwTRLUiuINQFGK8Q5e2mlmuPU5CGTXj+0pSQkje
RXAkLW15x9sArQ1JxlSPaHSjQRvtK7VBtcYPZ6TWIQE=,ukQOFQtEyD3hWQgKGyuLn0k/rKbzkNQGhRY1h6iFSkw=,NwsPMd0yFC94SBd7yocjRn5P157ep+4spR/zAkzWDBk=,3/1z1xFmkQVsJLHXTp3D9Sb0JVmhjaVrRSAKdjpY7GTbvPCmmkcluJIk5LzmUI1M
5vNYoSMleMvL6jC9j8few10ut+z0sM70++2NgNAOLAo=,07EmzH9JRwTf8PwsL7E9PtB+y1W9wAhzKTZKc9qkJp4=,jGGJYuD18gBv2E3H3zWU4xw7POw7gwNPScZHrAXIPZg=,LEpQHFiz4y00uduvo0o3wJ4KmvjYBOz+4nDg/ynRPV1u6K1HJTppQVpRDpAO5nPp
uJ71EHSXx1ISSmkPdu0VYoB62wXUQJHKLZ3a2dy5jjA=,1XEeC1xqVsJaPhvJjok17CGBb5g44YYvDWGWwcJuyCk=,wBmVTuRA3zRTaHrqQ1Sn9/bPE56fSgwKSMNxGA7HOlM=,U4yFCQAm4QTGE5Vo9JUZ2Ns9ex9ItX4CIQPIfcW6vA8/8OReh5+3GJs9D32w7ete
jk84Rwj3VQpSMuUWCbaWluPFKpORfqlfu/u9h+/uWLo=,wN/v/kZ0Dbt6od41K5XOIQxnIu70+ql/xYPfWiM3tTI=,IynZjlN2U/UbKA1cSvuUI5VBYMKMC/Yu71Cb6+tEx88=,L3T6JKafg8WxIZRXOsFe+GPcDtYdpQERD3VXm1iri6s=
KZh2CkEAWZQjABTOQSJhwRkUswIPQEsBpzpKvLF8SvY=,FoRaGnQ0rrVb8Ug5LoaQv9Ka/1zB+Aj4u5zIvRGphCg=,3SBMsUn2kv4lUUBIjQuakziVsrMQn2WOzvRccVHeQZY=,3Z2IZYQO8LCNgPFsgPNFDdofwo4Tfs76Z3rHuAQnvpM=
gNUI83pIJdfKK3PSt9FcTfDdpPYaOcWgjt5bP2v7+mU=,oJjem9VDHZ2mHEtQj+/vOnCSzhWEfOlYQI7mqgy7pBQ=,KfgQ9uvm1akagyfWY82qqtz3+3DkX7R9RtOo3Yv/GnI=,YI0fk96pqCjkGWNZePa5vWMEG+sGyMVojEEZGj+KBck=
3WBrVU5rOY4Zlxl5sPoWexCzPb8SeFIAPsG3dBrYZqE=,K/mj8Bxdp3lrCaxj0tIVoT5B8QgFVo4ywX9Fgj3t2Ak=,IHMnmdCgfGSxTcNGgQwm3eTFb/c2EcSEbuVB10LN4jk=,Xcqzf2jvfLCcN/U+YlEWnXkDt2tAztDr2Yyl0KeML2M=
ibuHRXwGBJnawoU3hjA5D0e5bg2ptgJV9NP1bGox9TE=,XyItrsktBK5j6A3y/F4XpoHYIp8lRTH7WP2U8jS+Kpg=,PX594qQpQu+dMeDIso4WnXAQUpHVkiaMEeZIvzmTFtk=,1MvjY+w15sxmQPEG3TFe3AdqfDfE31VTVI4JfbMXMMA=
oQqLzGic6dkUYN6tI5LkUzKctdbuoZYtF8kABOsHjFA=,SfX5azAuPJ07qGC/En3Jg0nD1SanNP27oFqC+FpViQw=,0cGl5r7+VZtXk+A6OxVY6QWElgxliACiRNMnyc4z1wY=,nNtb3NvbewyHH6AV++BazC85vCrj/cyHgv6OzyB8P1o=
N0Oo0j6kUknxVTZk3UjD/9Uxrho9De9LNAIzdBVVoXc=,06xc1z3NkpOzUzigw9HIoicAELDvacYUtBfXJOOqiso=,yMNuKaYVRd2SqlJisQs61DJdstE7d9TuoCFdMu/7SOo=,mUO4l7nArD4TPYlf04JUNcHtHHeiqBs9YlLxd/4fieV2gwamk85sWYptIqKmnzBd
SOcuu4CU2tQwLadBEybt9Nasmyxj2+JJcV2QxJ+ZBys=,7fXmcm/joSGN6VQbfQSWoUzkLfNhUxBNj/th9PCycGQ=,Cf4dXSE9IlyeGqXg2NsG2YPSvnKF7X4d4YY6iLiz9H4=,cU4DmVHNpmYk2aG4Hwbc1oNdOwQm0h0D1jR/EeeNWu4=
zqA6vnGvSHnlYlNmS19oZgce2AnavrVYylY/c5/CelU=,EpzmKc2Lc35rtkf3ugzWz4gq76TtIAD4IZPkCxzOysI=,5AzzseF4jNZMzvP0ScucVOx/aic/A4cUVJX8o55LBMs=,027Z+9M4iQQqhOhcUnrSzLKm8ku6Xh54nMwNkN0zhys=
ZKDFr5kGRx9JthB4j5UhpH30pS7pRYdRwlN9fYwSVHU=,43auqfXvn9E/7OcYhERx+5zd8r6b96jRpOqkPUSB9Ow=,LkSqJjz2Zu2Xv8IVqd+73eNU0HFLAU8qKFDSu9iSIEo=,YY0edsIrsNB6L5XQqlJGcpvUu70rqh6pSt7QCnMgCg7triS1Tg/wo9wSVW8X3C3J
0vjGAKIQirG0RGn04DRauRi1Ep+GuexLUHu2O+sNTdI=,y7HvPJJEahI3zu1Gp1KNp87uZdKKfbqt4p8tTvrvp/w=,0nKnpAXE1uq9Al/6adyRWYjkdt8u+9Rq+MN+6FaTMRw=,6ktyD2YNcLSYGEuo+X3vl+R95fz7VwmSSvCmhKvL8WM=
1NDhSqhER5Bfa8D0PCr/Cg6DEI7aMbdjpS9JDOJHjeE=,XvPO6BoTmGnJxCb3gz/1rnH+9wUd5C79LKD17kcFw2I=,+1eYvDYUNogYsYdg4i5CRIBwrSHtAHiG/kXZpVWfpK8=,56BZCvOeuToraUoIeAw9WeXt2SxJPdA3uQi3APclcvM=
PyxZtmT6VVdL+ss5cPU/xsTm+BIXB4vBPw7qRDXT5r8=,wbHH2R2J+2AsqR9P9RbV2b+7VDi9VxmubkGDnudCkBs=,d3sckNTnpupo9y0jmRubBgr3ZcDpWUY3v8kMTdNng+M=,EXR45cEblwsKDngm06xru9/vNqir5PJ7eOx9Fp77ZZbmUaejgErMRTauuS76DEVH
Lji6gyAJIybXmByqlCTufmLYir8fBaOYdBv4yVtP/oY=,0hrN6ae7u9C/v00YoxvHVy584U5Nnr6kbYGpBZBL6ro=,lVguNqeFGWSnwFRA3oqOrhsgxev63mcpWWQmrFHPyYQ=,MRDM3aYWX9u7ir3OAf6+wxMxNrWP/jW5M+85CAufWoQ=
zBp74bVW+fjTIyJDWVZSuXifQPvhqwtVUcymj+HanEw=,BwL6MiR7kO/xdLliLIVbp4FnVS5N44e5QF6yjD5l33Q=,TxPz2n9fv28RTD6gN44/RGnJnU78BiBGUMhpIvMB11s=,+Pb/R5gfoaYubAZqoz1nUW3wysiKNXKw+8mAJCQU4mw=
5vfIJxsgN+mHEqIwjBhEROFDW0n+EIzSrwvylpJVaiw=,3MtOxbBawS8xbiXGIREqKh0dPNC8s3M2LyqHyKO4tzA=,9J2a2joQXcEqcoNlZ+0jqX8rqCOCsaxXuS7u8HnuEqg=,hZWy+JESVazfPGtW1/xA2+0n1VKmoLo1hVcxpQMYHVtdfc6BK91uHpsJpThH+swB
ldmEMCkSteHbe9gNdQN8bZDTPxwR/wydQFNYo3Uxe4Y=,uNCRxKSS9Rqyr8xL4v5QjMEKojvHs+Otq8I6FUmf06A=,WRFoKH5uWvqKGKY3Q19pqLF5JTksrEMdNKNl7whJNJA=,seRoXqrqIE7ggiKzcYtAyi8LAqNXHcHZQoKVXABjwG0=
fvC+09VhhsTAIqCXjPzhDB4iGirO3thMGSDaDeH33zA=,2vW1T3fxnQWpSVFdoOHt2aG3i6EKICGGvRWcNUQ3xQc=,Aidlozl9FlJiyP7LMYzfw0U3Qiu/WVOcC5XMY/lxftQ=,54h46Piy/eCrGChbw68jU9fXE4ferUsRLH1WYJ92lVY=
HtaONXUuYIOfCHXnXe1//Eea7XBtBuFhGngoMti2NxM=,+JC0Ztw8gA1v/WqDAv9sFPBFRwaWAaa9Ks/Jmx3gbO8=,fwGcAfgo6+se7mFNal1DtTdVaTuL1wF4PXuWBQgTI4c=,bTKS0/OlnCDPJ/RB2Vd0zEy5wtLgeEkPNeN/Drme7jQ=
