aPxiCbbVxYojAxim6zNN5cSF4BTYoLXZTtlnqwBDaHc=,354zRo+EpNcaVeFyEdRYQw3pCtlxc5ugN9Ep0Qeoe7w=,kn+G+AIESPiwe61T7BptHX07YzbAZzDSSOYZEAuBw64=,I9mHGV3KBop6TCuILFnX6kdFIbFZRfBEG4dte2mXbJY=
zEV1Fl70KO2I3iabAtmC8+fpPKzKfqEFGmgi+3r7S5M=,sWBSArnazOFpvjoqQHz9SuHi9PE8sZjKhZG/5HKIyDE=,irZrOXL+uZWZLnuIQWJJ5sEr0nvVx9EPzoFUpjn7OkQ=,Ab/mcNTsB/o+9tYRLUDQe7L0nXKca814EeGAwc5+7K8=
LLQEyVH6B3W34ET4lLVUz3AjN5NXR7HBQrKUgCiaw90=,Tfcg+Ql9LWr2HEL5skn5vLO/NHzuBlIUFPKoSxAf4WA=,BECcKC0dcvdUAs+MdqCUexs280FA5cX4kYopdgT3RtQ=,nIQ1lU6oPGops8jC8t74qBregv1rapuOluZDbh+dDH0=
rrKTVtfNMNtdHalSfMfdF44gn7Gqqj1gRHYw0FHSXNk=,JzSlJnBC45yvGHTBfmA6Qo2DXMWKqU4dnKCR5VHusls=,b3D/Tl9qd/AWyBGIYRexy/lK7s/Go3BXyG7PIuPu8kw=,U8sQWNUiTBRQaim3baXunjpBfVJXBy62B2HBmW/SucU=
KBMJ1lM2ZPy/Wc+sb9I+ag3w4rr4CWgGBEvf/jq9gFE=,CxWfZTkjPT2vYh+lpRc/jOBeq0BtUeqNEyw9314CeDU=,q47fUX4Pc26eJSAYJl5K+unPQJg41yYyu/apo0kM08Y=,e1wpoj43ef5cvAUAol6oR+2b/DT8oYxSB0ElayGLhMo=
vmRcoJqzZFRAZe9Iay9GMjJVZBNnnVJwRUUUUNMSzpI=,gjXO2lgZu+MjkN/jpR8mwwVW0QOQ3nqsEhwq7/kzp4A=,rKZe3RS9DGA8ZWU9tMnNqxp/7BcYEfoD5RfYVgO/e4Y=,tSPKlTgyaFk3WWcfqNpHCwh1VkJhZh/4P9QOfby6cB0=
DZ8rdig7dFxjJaaqeVvieswC5/XqVzJGnT7LsMEaANg=,Z4OMKAvVzVyndfLqkxogziAjI93ugNe05/IjlfV48EU=,mAVFFvk3pPIwTtwG3s5qI5H580Hc2Bfc5Ac2pRqFnDk=,Zvr34qZMsLY8tL5PS3FPqgza0jiQ9Ov89u1MFLJCG9k7Ng6K08kAHvI17xzz173F
2efd4DxDGtoNIW/B87Bl2P14Umh42gAYhsJJNT7H+qc=,CCOxJbdgmlR0fRDbsVGprkX6revmEKaBDpIvx5EbqZ4=,xHKdbjFi9ZS1Y6ck0Sxzl6H9zVodRhQ6S7826ADnS3U=,JlOjEErevg8gbHkc0TIkkWJ5HhnoWqX61gyA1iLqZTM=
G8NYGSr2wqbo/xUZug11hlBeTlKWTU0AR2OuwHzxmN0=,vID4cNR2gBI35ys4X/mrZmvVNpUF6uvrDiQcnvXRgZ0=,HC+r5YYFMG15UGaof1hr7GGUTDjTySO5HcU4qCY8vbA=,eJnfrplZ2OtXJp9Vw/dR8hio/8rsg++0qmaZjffn+qs=
7ms6eGuzustuExWhw53B4lf9luk9mD3+oB9jZ6Hxza4=,y4qw8MukWgPtA8UgoQIxQwMtAinufyPWrZkez7i5E9s=,fY6IDjGAgr3Mqcn9NHaVaaZJvziH3SMTFqhL2heG03k=,67N/qjrH5Y479dimtD8BuFYYX0LbBxkle6gmS0SzQEMa9NSOjwSQkztTlIBdYdP7
Copj379lszdQkuxhE+6OR73x0zk0/O4qd2L7lS8Lexk=,1HgeKDm1Kn5upZCSvl2ESUuwGOvKZr1RCGEblotec40=,4oaDzvHHrozzSfEsSVDZiWlzP+IdgviJnf+Dgn+BoeE=,KYgxyCviRgNWJuUtnivI/UDsN8gHhRZWk5Djv5J0BBo=
/w7mChjucKpZxAknSvrhiFh9YayLPjT8BZjcBDiZaPU=,hB64C/jAf0H/rLyasavDUF3SO+6a9ToC4xyO1zyBtf8=,JgY/dc4XxXb4J7G/Lj7YwWCnLx4u8mb5691ynFZ33cc=,kwaF85xkbWIWfSvVRI6Thr2/YfjgzTIWChcH8DwkYiE=
IHSRR3PSc/81IXpxTBHsqWAssRB7dSDlpMb+zLCUkvs=,IWTsZWaFXg7BV8Y5XylhjLYxwpDKjJUH3eTcuvXUqkY=,lpnwk5vhkA2oaBSqBT9xtfcUoUXpv0WnGTietzfNvNA=,ki6OF1jqkUDFQYp3UaAf+/FcJrc6YXVcQzBPEYQjfyc=
