WoMwn5/SiFPJ/CiZseKfonZAYjCEfD1pB7ZCBsigrOw=,Jn1n+Tt5kjkeHi89vS4ygAXs/QMxgXzI+SVTrFTdxbE=,AMpzcJ5YpUeJV592y9/WoOioM/X5EAF+5xaKKT2ItY0=,xhTF9vaikWu7/xCN1KJ3GdNdPRUTAqiCBD3mePcC8/I=
lGpotLTEEi+cLxofh8OYpyptyQr/7zMfT0aNeWUwgcY=,+VZoaHy2+gp46RNJVRCeqbiKU9t1si/Y21lU3HfLy8g=,phYeEfqeDVRBnAV0ufoeR6V2L5ZpXX+gCGImkov51fY=,10FG7qTTQlTuUx2FymnLZ1mVLrNdzyaVZCkN2Ck0UvA=
7leK2e9JMCXzARdkgTG2Kxgt7Q3R2jSeSGDxdeOanJY=,VUl85z3aemNVpe4g0GcETT1ThR6unASp6eEETP1DJy4=,xSLRGEU+O+qfBCWv9JcnNc8/2Yldb+zzx6CCZMzw5p4=,A1uInaav/ro5aR/RAzxYx6nFeWPNUwQODnQJoYneXjc=
000a58HjPt41l4ENBlgIAfO7UYygMqDdip0J8sK9Ob0=,VQ/Ll5yU9nmbZICw5+0/o0Vw0IwC632fXTlR8WV1nxo=,8p4DbPiyqWYcPnaExsdxARk71GRkt1Q7csI9/V+o/4s=,lX8p+IrSMXDD78rtox3B4Q/1kVigOT83Qtq4NlNXIhM0aHvPoknIOZ3rbXCwULft
RU2UMX94/MOY6u9ckrWhgktrJKiZvJ+13Bj1P+RU3Ak=,/X3ASOsscJppQK2thThJknm+H1HyMscaQxluUh8XqPo=,Q4JdXcXBkdugMkb6771YKfqlfIIU7brcYVkB+9EUQSU=,FJgJtHW2q+pfKSj/FVurLAWwSoPSdaDx4ONFh5gZMpA=
7VNAbI362P9p7kg3xITQgtePvzglUGnH3DF24/YunWU=,WVKSHtWb7PflPQNv2QwxNBI1rBogxOm8wLp6gu3+VQQ=,6INYt+EPNoxW4b+ZAA6grGzaXjdpYb9kLnYVXjoD0A0=,vhXAS2O/98Y4mMODLnzsigzmbEc88TivZpAxvVr64w8=
nIAUef7xFFGKYC1bQ3+bfcrh/5aIUnibe48FYJ6Hh9c=,hkkOM/5kYm38t2vpIcoi6TWcw9kvCq8iCBCOpCQinbU=,N7kHswdvPf1E+YgYhc36gIgRX+saA3S7w86oCnKjeA4=,BrnQDOviwmKIg/TvvnWfALpHwsOgWLTGjCnC+Ayy6s7BXJ6f7pDR71RiksDgQppL
gZnYtzwoNP0ANycdWBeACZM1sgtou70poeva1bXDWW0=,8M8S7fJhAycFoyiqLVqoxHxeRaEekGeF+Dd1PeJSGoo=,EzuO5VK1+JLMj9A9Lu/CplP+lSnEmk3VmOIfy6NPvTY=,uHdYT6iOWfCX7SJgtM9qkygcClxXEy2SaWcHA4yWOHI=
jwMy+SyAUB5NNP72U2BqU3fbA/BbpaVdOAQWXzdhUdI=,4KJT3SpVqipt5q5MwaKi6LctyeIVk/ixIkIjp8oM4uE=,6LkMfYCLS4OOO85j7Ha+wqc4U2T1Pju4OyiwQQjvT3E=,lFeIjeGqhuH5PuHzLPUPcGRe1cAAVCsh5Zx9LLQ+PvY=
GYLHmQkIhEBntVpIDYmxUGdXfakKhaCgzZyORIlwXVg=,UkNn3wyyZaLjPohKFyXQUZla6yShTeK9IkCJXd6r0Ac=,racjAWyNkh3975uWDm4lsZnyNB0ATd6b7IeIMfW+Op4=,+t+yf6TreJY9Pa2wA/dO5dPOQL78zI1n43jOxJBAHUw=
lGDz1alx6RQjtpBQ1LzVbG1ICKy397l1T4+6i6v0BTA=,FIKaZZfS27Ux2EYEYBV9TAJAskMzyQhgIZHAkUlSCAM=,PNjNXDBIxPNJDWdFgwBzmQxNKUUS+RgoZBnpqy0dNs4=,rxEzZODlkhILJSnOzcDTLnt8htk++BmD0EwHlYpFmQY=
a7l9jTgYz1frU4NZofrLXv/YcILXxqlz5PRo23GkDXQ=,SBo83sNTa80V6O0uQWUi5r4WhnBurVyrJQ7QRE3qG0w=,OdYPrKAGRX41PIhxWu07cmgxjXP+OFal0g+X+KfACgY=,YE72vRTQngUuYN0WGCEiVKcdbHBBmdul7jJnlywvvws=
jGtNHN0dj4KwrCEoTBeKnImFho9CMlhGppiYzj5xSl0=,TMLTbxEAGH3cbEfJ5wz2tyvyd0F13xyxa6EO33NqMjg=,jbu5N2HnsBuKUdOLmBQo1iukgiVCBd0de3UDnpBfugU=,t2xJRGFEHCUXbEupmuBxMQV2Ct5yBNC6aCboZCbAobE=
ERz29KPnl1eMNdkxqf6xfiWKYKO3+8V8UhgS56i2xQI=,k2Yj2rqPogt69A7UsEYOO/NfqJxQTCxt8eK9UqwCX6o=,PYmfFVbLDtShbpHvvkIkxqDM3jqNmD4QDYL0nLyXmxs=,J0I2APgbMczt5w3gGf0SVJNVYjqg5xMi1AonGYv2Kzk=
P0YkvuHtSYuos/d505IN/CTc/L4+RTqeKRfuP1ExyrI=,41helR5A0b91Ba0o4WHF2mKX9V1JpLK0J95pew7pXxg=,EKQs1+tisF4GVWT/7jRXzZg4cIxcH9/Ab3FrOY2SuTA=,nH55rFPAdEYJdJcjIGbU6ZleA4TkmaE8/6GfM5XVeBI=
Gdv96prWA1L0xYAVyOa/u+QlQ8YnaRFwEwycvSRtSyM=,DzlnUnlVpAeYbnpsgdTVKE8V8i0IizJMuysuxSDA18Y=,ptjLOIO+rKW2nVxEoIeD/YZaaGjySVq1Tc2ZxpV8aLo=,DfJkT4j2ZH5GS0EzdDviWaiCigw/JcNrs3RRoFUOhxM=
SmpbUfg4tIPabCcFHifDplk5KaHU960GnCFhB2UE7bE=,6V4Ue/wNt/lJ9CDS1GVjR84Cf2q1LhCGD+l/mYkee/U=,f0oIE48V9OjJLUtcbJpoAP1WQiz3DX2+P+uHRgynZkw=,o8YNhxWD2xFleR2LNC03XS4stCdn5OvP9reZydFS/6Q=
2N/MRwbMBHq5Z09g85JmQyoy1u72ltXB5nQ8UmZYZP8=,hKX/JjIoeJL8GHM92Q60kgQ+hLwxaFq126EUJyszfHI=,moZ8QjbeH2QoQiQyq260v7G0w3G5+ccASNmcibflSS0=,tTg6sEtbcEi1972BTOi7YUZwv6d9bGeoUAru/XXF/zo=
e5Harz8Sik10wRT4yqdY/vNL1P3va9s/jgbv0IWVrkc=,D6PwxXphwELIWcAr3etsdpAD4UMJbwpkgT5fcW9TBN0=,1qdJebqGejpde4+qdZ+HsrBDi/Cni3Xvf3Br7JtglpE=,PJtn1quHqvThNhed3ofaBP5Nj9ww0Ggee6QniTCYHAU=
z7esDYhlxhwMDWeGpP4h4xeI2NccKp1NLlgjHzT9Y+g=,42p4x9DyWwoijVHbdeMwmM0WOnik+Vun9tCuRFGguq8=,qA2d9hpgYA6mgbu1TNVgQr+XAP/4XwpoOYsWhynDWvE=,+4O9ETTut2hPdfCi3G9vCk2yXFGR93IFUnZs4kKYMNw=
iGeJGpitfaVORYompw9WlLbnAG6IOdA2W7YfKjw766Y=,hNQkHOZtISW64RKRIs3Cu3bO+MFqPPvE5IROqNa1cB8=,6IwGFjOk28HVBk8UZVcDCFf9i+5H9xcwTUCvVvDT9d4=,tZaArCaphHK+J9L6qoL4fag0TJHw+AMHAfp+AExoZno=
lg6+qYMkYL54R88SjFAthN/xsA437YY7Z8WwodvESxs=,/scev3YbMtmnP8UMlQCZHE/dJklYMzE5ZMwi7YfD9wk=,/NX5Pw6ROLrYgs5+1EXYBmPYGnfYlSTWtaag2j9UIDk=,EqWOoRxfaeTIfYkpExE09P65BPHG2bWY7lbObvbkinc=
bqiRtrrUuaaoX6ZsAFTLvLXhEZIL6GvDkRllrLDeFdY=,PbMv7QBwBolG5MPHe3NG7HsT4V+JpzpSZ5IrkgGXQRU=,ZDm8XuzVxxAMG1ctMgXwdeg2Crmoob4VXVXAwEdaPQA=,ThOOHMR9+ti96wiyLUZaHtUZ+5bxyMucH2ipYhJADoUiAPWIjZX7BRfeOIouzEsO
bMUOYo4BXYxVSyPNNfe+u64RJQPBODNgQTiIO1BnhtE=,Jkj1VIh1X4eegB2C7TrKipS4GZ9X8lEPkT1M04Jh1js=,agl0WHpaBc+8HIQZSkiXGwXl9697j+SpkIWZUsNY+gQ=,QxK1XRdop3lsgIxXkECjHDvDs5k2f5Oy5xF2A7HmUAY=
XnIKDuSvbZPvI3HcY45cskDbiMzWgYJodgxepCbLHaw=,uvcGvllP3Bh9oIAgAnas78HoJ6Rvt6DjzKYiMBnFLag=,OJ6z8V7mUlibLpvFhw5OEiJ9Pz2XHHR6C/I/gfncvjM=,slroIXdKwOqCK2pjsLvrMzMT1jZNzq4sVOtVkJuue0o=
iP44eBnNnFwsU8cHmQWn5cXu4DWwLQXy30zD6x6JDHo=,HyHjBn4xtwHSrf4x0Q+oOOHcNsWosMR7m7ugHMr7GvQ=,x5CYEYuUmDrtpiPLslTZeAjsHGEmQbnHXY8EpzVbbH0=,cyILbmqEGElGe/KAOgeDx5aAsdivfUsDhCvlkogwx+c=
rE4zZsuaomvSxXaIA1MHvJIxLYtG+E7HcYhfnFZBNYc=,t5jk6ocNpkqxIPhQ+MgZH1JNZo8zkuZ9MKSOZu4NDfk=,tmFMRMEjNl1Zyz7mlvWZghJBa27vkC0aXgZLSph04nA=,S7NjSFDyyopz89nVvac1dlTRx4KC9okM7USPbcPACLo=
pTna1Bw4MYKIVabwkBuWKByXQ/5A7MYcke3yEFLsXBI=,BcaQy5mwJZay1oFpqpzx3jUsk/a63B8zbL848yDaAkY=,eOE0QKszz9tY8xmiupAzcZ2Vjkybd/aH89ZiXJEW/j4=,OnqNtgyyCL5YUyk6EqWYnk7gyhb4Z9uLbE+YvswftKA=
fn5Pw6GYAgFu0SCywd774Ymd6e+my1oHu9MdPgyqjjs=,qhT75ho9c5XDBvSIWoP18gYULBpqXxDhV1rJmHB/nmg=,U6bF0SnE5D2CgUkJAC5gMgzPn/m1HWU+ABwOGPhrdvk=,4E22u5xy8Sx3lrEHn6DmbPm9uOgPj9G3kRLGIKlC2JA=
91Sj5dnlBDhxmfMBxk/PpBZE8Nb2yJnTS9SDNADTl/4=,Ec8tVbA/A+IZOrHS2vCI4iqBR9TN8YoO7SeKXdyWHLg=,euyJhqDTKG71BHcMn9wT3g+Iz3o7jGHKNu0qwBXgLNI=,vNTH8vudL0x8yBw08BDygsLOozAKTlXc3d4Ue2M3siY=
LOZuN3IDMR9G0pJFHLvjHurvk35nm1MrWmGbMDVMXsM=,EeS3O7sqY0FdHAExPzVP3umE5w96ccD5kd/tO1Wdu94=,KpO/7R78C+YJ4hxDoPV91TYqKu1814ThJa3EufhaAZM=,bHHon3FoLcCZjJSHJA7oFDeYXSZrA7WC587vfkI0zkk=
sxJoYSAmbUr7ZY/uKgWBw0SSD21+qBkz00scpZ2oSws=,EiNvz6DUlm7pFQZF4Iyp0aEct/Bourdfy24LbClyddE=,47JFrrzKpSDhXVB12Vv3tBQiGndKe86RwHRHY3OlJXA=,xnV4lhQ4YiahgVZ0bJogIQWAr2nLcInmtyr394aJVoY=
rD7NXoHdUZTVWAdS37rzU6l3E/XDNJ1qoTyDClQveNU=,IzH5ZIwP33D2UJCM5/+21KEbHbpJZrGbM9PfkAHiDOU=,AMaXnMbcU9I2rCJXedqajvWEBN/2sGZ1KCVYgIm4IeY=,bA2IKEYE5qfNQd/uZDt8qnivB6Qqx60xfQA5iM+LGEA=
f+MB8OyOISlWoxkUx/4VyxhGdcLHFw2y7oRSd2HcdJc=,xkFcbQSeo/GNQWUnaQLmJSqVWn+5efz71t7XLZ6khCY=,f6zCP9OVxm3jpWSqVaJRkzAuqi8l7ocn5edTKYvyWYI=,VDUW4QtxRm8trt6D/9+xJ0tEICooOlvOBY7v8wtmfXESQ9/f/P/T/9ISF0e3lp0a
JSDB/qbfU4USm4qMLjA3OKm0qVINb2Lfdc5LB6z0k9s=,PLpdv/UN+G7yCS8aiEfkylSykg0R59nn4rYbzKAyKbw=,7w7laMVcYWkrT534yxOHhz8DoH9uB+4PndIl03wFRIs=,Zj98kOjptdbCBKEe8uZR0oc42aNpD4WShQhlSgR+Sr4=
YXIjONfZzxx+Ra3N5s3G4O0IPfN6lZCEgJd5H7i6sWo=,peGTxdMuOPGRVCanC0SYn12qzzXaxEQB58/DPXKCZAc=,26aFu2nsa0LxuY+6cP9ThQs3P/5j5Uxtoo7gA74iJWY=,zBIWjcX7Xl/MBcQrkVyRl7cmFdIzkRu37AoT8me7yNQ=
qr9O15XQ4ZEJDfnhtVCEqc+wnnTorDLVuueoBCuT9pc=,c6CW7l1+Ux+DAEhzfPhxO7UxH1P0y0WwDIV+CJ4pU20=,DezWgbxTygWRXjX+vo0D14pAthwzD9SBUX8LqYGNG9A=,HHfy8OUG4OWasBJUnqaMocTM9YbQMeCvxAyaM7tRpmE=
5aQ+Ts/vIAlK0Of/odi9PWnLncx38tyixww7bLOOies=,RAX/xIRDm24KenZGxKEzEoc8Dy27K3XdZ8y/y2tnJ+w=,97FRPuMmyT/rMZnwE58ZZU07g7S3F2kiI4Amvv+fwMU=,x3ErmRWDVwu6SZX6cBcwgp2DYbrBkt/7sAITrD3k/us=
U2om67UYshGpqKwLoK1R3D9+XdZGe/xwesoGWNvkVio=,L/xCXmMiEyl2AFa+6RG1DX6AbB8f/U/tTLBf/DOy3j4=,jbNTJgH6wailCHkD5JIGWnq4AwTYV9iHzrY2mTaauRQ=,j7sLIWFNm9YYKX/4q/DY8I1aH5gTDFbNvm3NirRVIvW4ph9KWcMIHvVC/ttRLzkM
VbTGmBzqSOaa58aVQqn1Frq3Ea9EkjouseCD+tepz10=,oxgwS4PzgO0SAsJDG8NRUQsCP1zZ7aD3aBIC+RVOMiQ=,o+7qT4FK6gpO+6fDm3i/sxCuRp3hdSriHqbdf6UdNjE=,qLRDoTp9rGQEnUin7+eT3ajlB4oScdV2z0QoQgfuIxk=
STHu1RqsT1fWz8IBJzfxPPCbiSWVNI0a1R4J/GT/XXg=,xoG116IY6U6EXBlE3BC4H91bxHLcA2oD12kz2rSOf+U=,NMc1q8xVsPDC5CPfB93CNGSUOwMfH/63kdU2KGuTbTs=,KRNTMZbxIFWQDePA/MoTZRl+IYQ+jZi9pgYSNgjP5pc=
ESumyX0Wxo3v1SykyfYu83QP4ZmxEUiD/FtpaS2l7Lo=,XMPyOaIw+WtNITQ0s1GrVUIGpO8+IstZrcD9WQrdS58=,Y3FxEPGDaAVsXJzcBk7GDCzeKfUnu0QjpMTGrXHWJMk=,BB0aFa1GEnvYgHFo1+XSet+TjZjmPWzDRqekoufvJr4=
/5XQK3GbCJA9eS5Yix3YeelcJdX4U4FYoHsOSq65Djs=,oz0Z0x/jQQmi1imX/Azm8LbYSm0/9tCuDbI99UfXwno=,qCegKlo8skFNgFvo9uFePCIFu+w1Zs7sHpX3TA7aQnM=,Yqwc7ifmvEsFOJg59hypQIVpj6cC8g9B61b3RREDqf0=
uGB8+UOB9sva3rRNNqwNSiZu4LEBc+CdvDp7UqIBf0U=,tAUGghG6HJpeyjywJS1+8uvYR/yScuRDZxDqMsIDN7c=,CYV+ewGKcSzxxNflh7vsnI+fSyc8QjoEd+dOiHCjbEM=,NMd1WjvJJ73qzPO2LW555eiwphtlpvaktf+ZHjX9mnk=
6debV25hFqsobIIqdud4prUKxsSP0OfjbDkgoZk4bZ0=,7/EVuvZ52w7vK4uH27TKTJvQiaQ3FqCl3nFlLUjXuA4=,T5l7aB8n2PtYyyAIQg4TIX+3sqVrQiZeq8J+3B20Cuk=,/MCl1zr8iu2OtaDYVojV5dOrmMQi7aMs0qQHiB3Yd8w=
6RILtfljFBo737ISbgQrln2KORetbAMsDP2FkQoM1ek=,xIdffnc2p3Ho48jbf8aumLXlBDqlC5NCqZBLR2nkNWI=,yitwoxD0p+Smqa+n67OqseGCmxXGHdU285hbwk5Jc6U=,O8kY9hbq8aR6nmamlmT4FHwviYaQ8+Z3hnUoCznKztU=
4FtZBBe0FREXjYlnDD9gRWtVZZECB8LAWRhhtAABPOw=,ARaLr+C+oUB8Z8haQlcguSzpiPgU8IM8tvbqxAgJo7E=,rfvctYwMzt/cWb1s+4zLxhskFgkhyo76n254v3Fqd7k=,HwI2nImQ64FgGP/dBf1rEMjDBR0TG6y5yEsMYFAAHkQ=
z1L1nTRujOjbjOX/Ywe5peEBNwaF83RU4EYH+Urqrek=,1UsEsKOuPcu+9MwRRqoXCaf/FZwaRhcEfAIu88JHKFU=,GkauP6rJUH4kfMohi41IjzKb6O5hTmbVklZsCl3hzjw=,u7/V65UZO8N5QjUDJ92t4aVhWIHTbtghoofYfZ6E8z0=
EtJEdQ6PwvvULZYEFe5L6FEzGURtLKdMs6L1P4qfuC8=,szrRQL7Fy0GQkO6Z5Uk88u4vNKtz+1uIzgY5OJoXOnc=,F//k8NoGtQ525RhHoQ1hXZFGR+hR4BEXAvKfz8r/NDE=,ZKEYd+WA9dsKuw6bWY9oGnlKAZIk/6Xz9vOib0IGKes=
nuHYqlPQuM22TBnqyu13EYQezcpRIdPAyQ9kF51TB0s=,5BmziKT8r/IXlzyYdaY/TuW2VOiRIW7BqrTEwcGdoug=,bYr70gsV0/Erpgk7IfXgSHEm7xCeQDMlAfqlXGurMbs=,Kfe52wk3e1TlVolbyFi2gNZMmnDFRvjajfo0LmgIb9s=
9Xiu05jjyjcXXmfyQykv7RzAo6461eQa2fuFwZTcsAE=,3KcJK+lQ3LX5B+K9tDiAmRT11Ijzc35K5dyNq/oa5Jo=,YDB5Fy3I3JG/Q71Bb3L5msxBD5fH2LVkJqc+eFFzW2M=,oHmvMGYX5qSH/CkXKF49HhFxtLUtOiCsSE0/ogtG084=
kY/nO6ybtuzrYFD1Nf6z6qpjee1RYA1vF2lZZNBkr7c=,Z6jwfWmnHZn5ATwbBVmlDaodvJ8uB9FDhL5p72P0wDc=,/xfHPqB974hRtsFjFQajyJezQ+TXdX6aKaYq3/Y6BeM=,SxnNrcb4XHPsRM8yNo8/swJ4Y9S9qfITdj8Fyw11AtE=
dkfJSAD+7IkaJ5mzquMtGekH2Kb/VZpze4PBdcRjeag=,hHOxMCiVf3mA43iTesbRn3WZqOXHaM6YzvPSPor5104=,544ETlnwjO8C8CVMlM9gYedoEaQaDCS7RK4upNj5Q30=,7g3Rl+86Xa7EYgyLspn9XqrveqLXrn3IFxEqlp9I8ec=
fnq5lXFOVnDL1JpPXWwqJhrPBMNisfbyvbdvNXsdvx0=,kptbIiqmgSSoD66j6i4JVOhlEteOodmR7RtBMwUHLQs=,iC+E/OYcsezzKJh+g+eVtW+wWTaxVBjQlOKa2NqlB/U=,uXs0Jcm+h+iadfI9Z8yNVkjHHlk2oT9jHSRUznzT6l4=
DBT3NI0IvESYjiYQXlUjJZAXPJt96pOLe0a6oMhm9j0=,VfNIQtgEfrLsARRUdxLcfflJVP+BXXwS0mAVRjKWLDo=,a0uO3h3Gr8DK1HzvNvG3VbauiJevD5rDZxPZMCVNnlQ=,MbP80Bvl9wMkRGAL3uss+NyDy1NRp/9OAdYcrQi2RRM=
BXjNZ8SjA6KmKRELmqljMBqvniMREPwI1JfIVB8+Luc=,UnCt+VH/AiDyoI3x8lHlPwfQ9Ux8HLJ/80f0DoQ7BHE=,RT8Ws7mLQOJ9T4XPqIic8bY4i3zg02wJ8uh0ttMFtGg=,TLQd/b1o6oj9t3IA2VJfDfp2QQZk34RCSiHbqO1RujM=
dBVCUnzNOihJD8RFUwq8pKwU3RTniSL48UjilfJ6byY=,B3LJrjf58L5EpiLdeVT2LA4qD4yPOcB5gNjR2TCenqw=,kIxzttxgzoKeFwh3vDDH0w+Ngvd9zG5SaurS/XsY1LQ=,rNk+uJwolWWDqe4bHchJnmocQLMRjvaL0DYxWiXWInI=
8ZPCJMGI8FdD8mOxa9pWdB7yzY1exVSPBu7HsDa6/l8=,GNwP5oEvvPMNKPwJZhZeptDKwcvbzW5RmP1htaptErE=,dfLrxuP5w9zj540Oi5kUmJqGlBoWzzTFm9vY2FeFqA0=,e3VPhM7T/QNo1PBtPZcV10frkbw4Bh7BKpa0mvqOn50=
401on1CCPXuEDgpXbU0YeTpO6UKMhDKTK//WUB9uPFU=,2K7lE1tpjLgg5Poslg84OOM9T9x9QObB0Z0EOp788l8=,O/BWkHssGFpp0X/4GzTJWiqh9k17OmDbRnO1sfBAX1w=,qCJWMwg0HQgn89pWUpAV1Kjy3AtS/t23M0/m+MNLouQ=
Hs8kIJPMKnG679+PGXkNVK6UTVwWXEQVPGGh3NPjjcg=,g8QNSahgEuAHMsucAmzPZY2Bncv/vIThmTRjmbVPZjw=,DRRernMv/QfeAdgoOjMA7P/9+Yo5fpqg8/rlOUECtHI=,iq8TxLW5D6fcW6Q+iCW87aZok4tgMjK0nlxYx9YjUBKJM7sHnnATT/6iDKMkyNpX
OmgsE+JTZ1qvI8bDHTcdSLbXFmAGJHNVWSuc0Gzx/ZE=,6J1PCT9YsFmukzN2SNJIjwG/7b2z5gWvMT8fRk+Pquk=,C7BRq6e3kfWATKjjf+n9/zxZofxItavbrs0pR+fb75E=,sWD2LCqOVWQMeNPp7add8rlmKCrf/1H6SfMhyUwCpPU=
4X/IAN7IcU9ydzJEoUiW54SnBjyKYdXVM2lKicXcrz0=,Y+LrHH5XLXpQ35oSSZHbIiJD46rRIu2f7aVB3omNkJE=,AlhfrIZlOo/HxDUjJh+3uDDQ8gHEzwFhpO308w39W8o=,ck+w4Bdkkiy2Xs9Q7MK/XoBp50qlgwR+yh1+tQxauG0=
NV3J487OrDVzvJ1nMOa/SBoj6JyFI7fzBKh+BppbChY=,Nntj7bANYy4JZGMvMIaypd2x4UQsQxXf/LX/syAIJEc=,W512p2YeX7oY6a5yktoc5y2UjpMP6yrZNOI7RHx3zmc=,8F+bQXdTIrW3MTB7EE2YOAxSMT4dPFVy9RDZDNDHfW9zxpFTyQ4kDC0HTX2eWLoH
Ou2e5wMoULzvckCjw9DtXoxQSJVMqffJNijnYA0B/+s=,uTrgL/ktDE8LRM4cPV49D9e1hhvKv18bVBIPvD8Zpz4=,KV0T+KtbvuAEPpfNtPx4C1IHbIqPLFY9dsJT41f+OaU=,BJLg5EVLyTph4Akv3AxQ1pSEoK4rvjUgcY2VXLlTtHU=
liVB9I17L9uGacHWHECwuLNwNBG55EGNi6VV2kBhVIg=,N4B9l0l9K1L+UUf38CYINbLfLpkumrzRE7OOGB6CI8E=,c6srUjIB/kKIxTbUHzgnbRvkjSrnsQqZyR4SfZV7W6Q=,pjL5wxJtZB7WiOG5sO15tKn8DaXTjD8fpttEI/gGz2o=
4CoAR+VcAYlDCU8D0qCmi3gtiWVVS4kDBDOaSebHHNg=,ns6sgyPKc+erKJRsN/xM3eb+r6XnFpSjaMnNnpe5N/k=,cQiA6bLWY6vMm3LPj3fwbXEubXjyfqbhax8UOsdenAk=,ZSPVgvEVHigKCIYau4jyt3zJ1fsSrHNKqLrgZHB0qcg=
5k/RIAOjohus3dIIjZ/urGfC/9pBnm0h9HF4WRg2eTY=,Ulbb8V9s6L7kHZK7fM3IT4wZIxU5KU51/28dNmwRcds=,yFfY4AYDuw6hd6wR3BwZYS6Yf9K6dCPuULwwjN75YDc=,wmJchoZLf1dELAExmUqaKMmsFsgrUVzQZHztmpxZkIo=
CCBu4I01efxFOrPhtcYj+aFo7ToBw4ydMSwIR2kINII=,CDoPofaQAw5rfT0PuwOM4lAbGSYM10QjvCB5gnpEB7U=,x27I91QRK1/7jqwWzloeVHBswOIAr3tDiPtoWGMbrYY=,LMK4sWFDdqsu0YxRE3l9XIFJHzb8Oi81UOrNug5gkbUNAEVxt2SMzZoSDBn5V2Gn
W1ZxkUqcCwZ3uIJb8siLBy2pzOdEdhmV5KQ7F/dnbYg=,rj9FP5IGRzvIr9Zq63y7lFfcHTmicDKgXiXhc7Swn94=,WMlsnCQk1cmauAAS0W+48lPhSXWDXMJdtRpX9Q1P7Ac=,AYUXz3K16N8DPVHVGNYxHsyaVxXYqeuhZpm1QEYwQ4ody1WXliaK8Wf/ZIedVVBz
3tdW5T3w5V2Hx2IxQJhGyKTD8+lKj4CVHsaUJjL7ewI=,MhmqAC9slpsa5KG3z8QXJhzXD8ZQ5AelY3DX/p9DACg=,AHYezD5Dbk4Ont46qAkiiQub4uCz2WfTH0Wd8rYbzwE=,KNLJoNtwle+jWDzHjfXSifh4MgtmtiW/XgHcPrOlt6qtPsSFqDDTvT1zqyPcwHw4
jfEZRrG4NrtN9x0g6ugYngazm6pIhKy5TCPa1VLgmrI=,Tv8xmGsh17CJi+iLko6PBTa5v/9XAn4DsiDQAOuwg28=,9+Jortrnw7Wl++XnCXFC2ylAOxPPTzkrWgkG2kJVMnI=,ryZraTy9sblttlyMfNRLrzbRiW1c/o4rj0CfH4HATHY=
eZaleX1wpyGs5L1y2nD4bda266JGW8aze1JAU8SzM+A=,AVWkJDIsoTbNjSdLRnbhQZaxwX6AlWxoIIsyYxfK7NI=,SOy79X93qpGZPkAz4MjxEzIIgUErXUephYDLGeVKMgs=,Qt9QGlWtijMRWu32dlcvLHAwoc58nW19bYEz63A3wo4=
nSk5KD4pKRVw1ByIpMCeR1Uw8UxpOiM48wP+S4kntYI=,zuQcwzst/E3DEtd4dkOX4SnakDNxlPPuvPXGwMekLmE=,Nw/6WFFFPVMy23vw7TfQXBJSKatFzNOSeKIksF7+eMU=,URQCXcpBLRKtq4U35k02jropM2pbgASw4O4ncAl245xRTb3/Pz7S1C0ufwjqAhWO
q4VOpc/AbCq/C921KUWf1Yj7nOSgaV9wOxg5/fFjouw=,LqNzDB7Y1J9HsYudiIfSVUNb/RyIMncOpOJgSTtpaig=,t+1rJmT2/JdR7G59EKDX74mR4OFj6Qcxp3W/edFrr84=,Tmfn7YcnZwVDHVSdVPehX0bpZR6ELZhIipCYpaFiHJO9iFLXidVZ1Ux+fvGXOPCc
jEur39ir5dCBokXr7dvX8q0gXPwJqWg4aWqdrCAIq0A=,boUh4ejNLgZznJMN7CUcsl/En63UDImwEnSLtlSIAjM=,21N9CU7iN03zD13ymHNsF2nnLBRSoMFtaNUY1Aa9xjQ=,is6GgFoWQMh2xsO7ftnnVFq3JvF4BY4g8dtnDcdl0R4=
xhWkCWOkVElzXImwt3PveuvZQeYYKqvx2ZDQeqgFDsM=,MaZJ2IRXuUaJqr7v1NMRUX1f8NTYppwHyGastfUk5iY=,JtQWWFPliACaDokoyaI8JaZwzXmUWtTto4qlcAeBPts=,5nv13+3l4bsa1F5JAlWvOUS/2D5DckEFO4CYgK0VL8r21Wh/C10pVP4ZbTX+gkON
1WfePglWA+XNXQYIgXjFpLfd8n7/Whwm8j/8o9zdn1E=,mv+zuG9ougxL4oA3+2WxM4avJ0VTq4D8TlLIvcYlTcw=,l0QKTHPZrnKAqqqtHQFRFSOXqdPEbBnSCOvCTVLG4aY=,UQQbCg7Os6hehhLXcYy8QZnd1zhFzU/OmysYFsWNxotTPkOwhVu9Fs5h4KJekHIQ
ecp5FbP3945sGBc52Mcg3AYc5X/DGywPaHw+BbtE+qA=,pb2jrq9/3jgGigesu6cjmVnYfnPg+kUGFT2g2FruEZY=,S2a9cZVtCBlFpC06UE6KbcVuqcOm8I10JB6rEdEFCW4=,BqzjqBxYpNPueSlZ9XUIBW5gH/HnrzhhGdRVUBZlh4N6H14iRkkjvfA0qf05fHez
Q9mytHGOEevZvFqeGuZ+YKvPV5PYDav++QZWeDe3HTk=,W9CVggEKKB+kHFqiW9WvDpdKalyj372Gd5vRKxfTn0I=,ccKNVJEdOR++tyducFdMKtDkHJBd7Cy7h0UI1udj22I=,x579SDTzuyvjJG/mg0HlrBBMhVt9mDbKciTKnoNwy/kuNfC42l/MRVr9vbvRy5Oq
R+V5f24kyg7LM/3k/CHq0jGb3o2faRz86FljeE4pkYs=,MdkYJzWDsLR5g1ckXc96sc8+8ulw7YwrzGCLZfiEZPQ=,XbSlKiu04M+6Yyt+nTpz5GHnGKL7n4r7DfLSy2vMmwI=,r3kZpBSFamnb5cBG3zkXAfJCdGHtNuaKdrR5QPZlMfSG7UeVHTxednNt0j8/KFXg
B6EVSfamwxzIF17Ad7VQkszOHTvfCZFxAoXHFnXE1fE=,odXLsjSVHIn60V512Lq9nQO3ykRwuTspiiMeuIn8NbI=,pjZgqtqSBpAOlRAypDv2lcyJZzOhB//dPCfEbNu9LYs=,Xl/+qQEwAeyte1Q5fmSUAKadfyLj0wMEsno9+RFg4bQ=
Pu/WWvUycEhjxPsqM5eI/+CYfwmeUIHPYNGJ9MPUILk=,WyBCnQXLRmsbE2bfRKdIqXjtfvsss/8tvOgTGC/CNmM=,ND7dyM+lMVGYVfPMZDpKqAUfqDVWdWESpcMiPn/WWlQ=,lYY2u8kokxf0T0A97fzfx7qbfCNMaFcnp5Pt2LeRFm8=
0ExCe/RUg+NPiqqmzc38dDXlTvM4An1jRLjPCkhLyRk=,TdGOBlWdyCEd+8QwvxVSgq4GmVFECCH6OMQNyXVAuT8=,mwDIhcMivAxbj1vCjWNSd3AocKzRV1jMp6+DdQ9QMK8=,13sNVelMXTz7qFOjWdzgRRNgnWMRfEZtA9aL/+tyywA=
J55zJ8vmor04SOJws8CM7otWxQfmcEvNdyWdI5ga/kQ=,g4xQVp9umOxKo7v47U4jtnyLasBzZw5hJ20QxNH0mLY=,ZEPV60h96PfQQe5vlZ1Fkm0omg0xztkYotlmhyDbeX8=,SY+i6WzXRSG9mrhH3t7DdGmRAplFbiUsRyKp4AuNCaw=
T6WUpssQAvdtZXQZctyk41xDx7EifI3rzNsUrX2HGrA=,s9tsU1N0WhIHEiL9QnBOOIvRCZPdmFyX8O3wTtilheM=,Ke3e56U++NtjmbsXpJpxjSgcZkiZVHimX2ZFovEmQmk=,5YjkW+lnQfzYTEm6ghKksdg2Kv9M8kdZXBgvWXkjR50=
DcbS90No9aQq0NwLzNjsHveIMQVnEqtyB6411dPTa8s=,i75EkgSTgTCMMFLCNKyGoWrDaqDsvNpFEV71VsRVdqs=,vLmRoKhbSzGS/VK61b2zfPVKeNa3jybw/aXZQOsVQN4=,x7i8aOOoJoMA8CRzg/BR4pTNjIz51yxFCoBOTQw6YaY=
nc8441SQKmlW+nt0KkplglAQXVCrodKLPPbQb+n6dSI=,42ZZZGWBJ0z/cRhBOCkB+VDZDY+YM+iQtNX+G6a6DYQ=,qyyefSQl2nv9ThzREyZaqGxAD56z9s8Jtncl5IbN9K4=,Y042YFc/TkCVLWVsAy30T/RnxAEfRk3buHL3ToeZDSU=
giz5hed5fm1su2fQuub2MzzaeIdsKTp6jK/rCVK+Fu4=,H9Md0R+K4g8aRsrxhZvNcPZC36XFBMG8a9E3OopxJQw=,CBfKFf0diaVdAvoSijcEeiVBXRdrs4+X88A4m18Ofaw=,ydFym1BN94++2KdmAoRxJ0rNNya7HbeyTux64YXHiDQ=
Ul6PqS3feda+Yxe7ffuixjiLKvuQvYPib/feNY9AyGE=,6MNpe8u2ULt/E7+sxZ/JrtCMWwfE3rJTLghANLDs3xI=,+ZwS8krSQd9EyJvl+CEvI1gs9KJ6PZCDntBy8QjZgFQ=,2Byz/uQUvTMq1EWE8RKQ8qq0mlbJkxlEOrZcrjC5gIc=
o6EOcutwbuInVFUM1SYNlhk80lEmPDSLxiHWVuTwEnw=,VYJt71dw3ICoeQgoJOaBvYkHDlY7fApeKV/j1dszSqE=,3QW/+A9mSjD1tsGej/VEdBjIpJ5LUgDbl3OqTvOtcfY=,a0++hihHsJp0LdrXKGyJtVEcgyCOIjhww8lKbBNHP5M=
NLToylmBDRJLkK2xozFWSs3dj9ddM7g3h6JFHT2uyEw=,7j1ixBZiCSEIRtm+TimCJzuFoouZaz9RKVNOK0n9ixI=,kjkL8RLOjIATRVNzg/CaY+OdLbY9c1QrqTlbmzQ1kB4=,ry3rbAUm8DxQqrtrgANrPNsZEbFecZBmMPNBSKYEFLw=
8yhm4CyxJGOgLogqDCY1CX8sEB41btuM+jSo2fogjo8=,iwzpAHBr7pKgDm4hoymL55hmQ+G4XYQBT1P/PP92iTc=,ias6RxbXbsfnpaH86mjAyf0DAsXFIkjgKr3E9GnldkQ=,ufqHgJuD8un7hTPLasJxM5JZHm0+SN27OlAGvoNpwi4=
Xv7DqRWghxGDJUEvUtLkI0ZwRIOafKaE2ZxXHSz7J18=,AISkc6k3kbv2A9Dvdwy9PNrwXhTktUm+JNc7W//CiiM=,/FbPBRaoyISgDmMngPJs6HVpOxyar24onhaAFB50kk8=,u9olh4YVnQjLtOY13C1sLUNg2BmTrhNnadgWl549QJ5XxXkwizWB22d/bCr3osWu
UBo80VGTBSTm5L7BdBSJqe+W32Ihg/2UqIaTKDkhVd8=,wT+AsUEPsRCKSmOs8bV9MYW6ShSxUZjN7HFgAsWkDOo=,1+beHpng7cnF11XnrsbJRaxniWOVJiiiXdZRY4/BFS4=,ShlkTOYUpE8abGM9Q7bRw1Jlw6f2kmPhFgQiKTRgrEE=
qtTigUobpYnoHTT8eIjWeawUQIonDNFQ0suLi4GLpzI=,BtEDv98rHbr4txKBXH1C/z3O7E/kAwq3I32i/pPfbR0=,34TeC4ltyz/k7VOJkL7YIjD3tdB48M0RvYLeEZieSC4=,863hn5xF0F1osu6Hi7yzfFx5jHirXZcV7H18u6bMDR9Vhp7E4mYk973YTSW8txgu
QsPblILE8ubLr2nxwxxAi94C8qL5yiRxD2CyLl57Jf4=,CQ5xGs2JEAa4k37SwpciorklCtcEQLSiSB02vZZZwWc=,W11xtYXaCdlvxSeCWF0oGRkmpmogf32r18zAQRSzHqI=,wucXJbL0FEM0ArCZGi58+DEpW/3kJxAdwxBPbbgqxms=
i9bbhOBth6s57xwnSiTlrIZ6P5XIjdZiA1ywgQperV4=,HzLzUgFI89m2TF9ndTcBlPA0dDyi6r1GW0HWQwZiL0s=,1eg9CEEHiSnpncRDmNPenoDXLFM1Aql0lM9s2O7QoHM=,FWWms16k6t14gJPuqzlMv2DNnQKNqX3EyafLcPXDtyA=
Ez28FypoGFqyQjQQreHKD5it7laC9WKC5leejqRv4hs=,5n1DvyUweQFUoWCTEb/qgKWmOXl3g9SjUmavnqASt6Y=,D4UJL4jKBEr4VIqgYHiZNjljMxUbUnagVUzYJcIJmF0=,a/MNHVxHLoVc4DVENp3Vubx57tjPokyfGUftbHyipsg=
2q5CVJOYYtR7qKVzXjiLb5ueUdRqrgjgktpECN5bOwk=,feKafeDpHjwpXoj1z0SPBHEC50dAFCvUAsicGC9ahL8=,QfwNRlle7ZEFAKtYbmB4kDDXHT8V2rmCFzQifjLs7sk=,L+WzcTUtzk+vaCHEe0bsZiIvtrAeAxGAvDYuoBRhOSo=
0bpjd2ZVKPd8BCPpezBqz517hjNv+8mO3do9nmgh6ak=,WYDe3TePmBdeCSPdoQHWsqMF6EqfuUZmk6b0R8O0Njg=,mLvVOmHnBabIjp2Fh/I0eCmmClnV4a0bzAlQqBbhvnc=,S/4n14Gs18xdkmEcRHrFIG4oNp3fUqjJvix+sLL4uH0=
xLbSeMiiX3vXN4aaD81zTvux48bYLlLLro7hKB7T2pA=,/nTVA9g9LJ6x2iUM3cbM9sVpTuuPV8Ff+VlRn5lHUZY=,SbQID+3//h+tT4+pArTnbGGOvYQok5e11rIAUjdWDzI=,KEFXC2NBCHdxSHa9cafEYedjbzn6XKtqzbsJujxSkZI=
PIiGE4WNkkDZYe0ztZWqMAQX2zxtLJwUcw52u61ztPo=,lYu84fttwQQw6dpEhBabu2Gusf+JJZyakCac9NHMWTk=,DsfrJtI7v3IFDtWnWZH6f6vFZqlMpG8s7YFbfA6pbhs=,Kdjh9HWHzncdfPcTcCPMvNA6LfaoJIMXOCIfCkDL4RY=
2sBha9+pR0v4oRzDwbGua6O5T+T+StPoxGW8IAVXd+k=,g4Vv5/kgYbH/BANZUm/73K3yBMeCYHZrvLjWCjdR/ds=,DwmrjqLWaiaoDry+t3okYry2Ii0quT2rAKFmD4bzrkQ=,SlVf2rvv3k8RRJXG/4CGEU829QNFLvTz3Wo+QMH0iK4=
GyNCPPgGkGTDgP47bBuLv6SxaZ8SLxyUsrQGCGI6qiI=,7hh76eKH8FVBwNiSY2zbP8TdR5FJYgIhrzz+BZA/KnI=,ctNx0++SZSTVHr73dX9EdXn1sv7wald2EO6kOob7Apo=,tPXzdKGsqHYQNZus+43twDpUqS3glCVPoCOO51Ye6uQ=
v6Mo3MXA1KSwUvEJK+iIDHUe1BD+T5kNLbBQwHpyXTI=,amvwEo2RxSoeYSF0K2joCuYajtVIe0bnj7FcojjJg04=,Lh/ah4tnxbBMuud39uFCZJ/vJKm1Xx8XmUqnmoAqbx4=,XzWzEXpB615QIzfrpDSHIA/CO5rLYKwzgA/6EvcQ+So=
TbwZCPCN104CyZbz9W8n4zODpI0AC7I3itppeFDs0QA=,9T6BUD/tIEWSSTmi8jjYIm3GFplCoZGUGianzdGyYWg=,1QnKF0mYKXPoLefoFREKW1YerKqEkag/iWC6hdS12VE=,v5lV5+tnxbp8/E7bQann5SpVdESUTi3sB0K54mJQL9k=
4Pd75y38mag2uECnC6ezHj/CBozcZDnW9QtrfTFwXLs=,iqh6yKpgkG86+gOiuk4w9nNOEiUFRD87Tz3MU/zLp4A=,a2ZIYmr16dbS2Qwnh3oi+L4OVAp4zIirXWJj+hjWW3I=,Niy7Dljnd3DNcKtSM7md8HshnE1yzy+VVNLulKgytxw=
g38P2CeSYyoc9VCPvXlWgexdzDUXwjXYan7TLUbGj7Q=,haYua3eiuQTTbKWgSBvpfbuMWVPSCly/vU+8KMoo3Sg=,fV09+PehkKJTDI8sSWoyO5YwwBZ9aURETejjqjnzTpM=,tR9TPfjwvyhsoSoZgQ5fv4T4kG7KEYYyu32Cd6i914c=
gJxg8wYJoRj/yLwzn5ZagP19D6tuv8ny3fRcko4FTok=,jjQByWWqI2AESj3UfwB4T7BjA9c49C3R7qvg+q0E0vc=,3qdKiRBk9GOFF7VndAVQ5QtF6LT5/2eL4JMldPxLB1E=,QxOSO0lfVTk2qG7xB/Z2LI9kAp7OLatRLNMncK6BnQo=
UlKP0Dzty78JM5Ad+T/afvYWd8LYQ/reJrNei2yKbg0=,JfuAE1WS9bvvtp0maYeQF1kJskRwBLrlE1PjzSbrHxQ=,Yn/12EVPJW4uoLR4WSNUKn4mLXQZ2pKn4hIUYHTviHQ=,/p00KnGqm9KkfKz3KxMPsb3u3Kj4ZQBf8WPgLXKqvtM=
8A3MXWxQushhTnFIcptmvZ/F//KtEh+BvDJJGglzN7Y=,FrGKNzKW1SFf/kzfek2uV/m9GRkpWC3KXN2t2ao67lo=,eRH//tlcqxXuPBUm9atyvdN2QalQv+0vCJDuUoCfkZw=,DtMoDk9KnU2EDC3+bxBcEz5NoBvFZAhJWbBmXFUUdoA=
3BlP9G0OEYn/uRQ6wkGEY8mJUDILP70UVA8ULaCke6Q=,B9yNoe4kwmEJY9n5zoOlxAc6Slht9jG9V9/2AJNvJQY=,ls1nQ5ZAzigQ2Hq1P96yQU9S97HECEsQUg9Ug6Pw2+w=,gpCEavFjCAaZlwd5f+na9tld13grVYae5g94cNIstc4=
a3iLYiTT7990Iuf+vXbtAuF9nU9zVuyW/hvjlAyc6/4=,KphQvTEqwGOg2G/HJNYYveqEWqEEInqYQZ7u2w/Zrv4=,NF7H+3eArdkSAgxg22xVOPPdAYmVIMVfArU9N/bwBkw=,QJx3Brk/t7j+/ntW0l56Li3n6FoX6Hq3Xli4XUIH+7Y=
ipN3LsiKrLPTaaJ4F2FHo3K63Q79ztvDPxwMdQnvnKE=,fDt/tuHLlbBwKVd7R3jfuVkWJSipqWTtqa9kKfE0qh8=,CmqQMnPjZTjAo+JuZARKdfAVsHW41ZKqWzddnbSO9RI=,aK2FsyLQ1d7jigMMiLeF6H+lr2r59jkb2CS2gkkoLpg=
RaIdW+pNEFmCVuh15/6fgU+uDKubSKevu6TN3qd9fSc=,N5iIM6qxrNT5l7Z0AaWaJ4TfY/1mft99Lxp16Iabn6Q=,7RUgW7jzWFbbrzFJhPM9qbR/KVlzQlH5xxlwst4xI/8=,v7eOBsJibMZ0g6PeztFVlP4sG3csze/vbWd4jALwSjM=
YXxn8kvSmnl1LnwaB4aXizQoBHDs6HB7UK95FWWDvV0=,A5LqAOExptano1FF2GG2MjxDXerTpeQVVXxmUQMLKY4=,uK9yFtR0WZ03sCrjELrTWciG5aZv47s5Hs+eYD8aXKg=,rh+n1X6WiXoR3aFZ/3oCdlctsrLU29QKQySSRzRLArE=
bkgGfgfrIicNis6vpJb52MX6XnVKTzQRrbWq6Tt46Us=,8TQBY5HyZ5uyKSuuBNYfzCqN1jjdgLGtkbFXm5V3aAA=,ifQF+ukeL+RPuT/S+RTv+h0X6o3PXMiBZ42IqZ2wJ0c=,lgJ0Y+UAGxz9qglJZauhnRR8C5Nfg1tUM43vAu95IEanotRygC5dQDOcybcCdfSY
90/2YeBVOrXUfgvoouVwjr1CFqMm2KJ7F9dzAedo8Pc=,BRAvIl5/kc0YxCvu1BEAjjKq8eRA9C/BX4HM6v7PcjM=,DLZDd9gjhr+usMdgUMu8Cz26UEz2MtNQong4fdW3kuo=,9TFhCw/prgV3N1G4CMWSWPkbZyZqMB1oEnS4N04Mm4I=
XkcPhp+VOjlZovyvBOfKMB5IbUVTZ6vQONbGqt2dSZ4=,U1mPyf4Hx6ZmaWgoPBj052/osRlS7bOfJIxJJCTOjmE=,xPf4sbq6GkJSr/8E8OYCcjbbZBR0fOj9pugHmasDSJs=,4TehDjAbZGqTUVGM519oRzGojKp3lf4p1lMvGb9qUeY=
XlmDT6ktra+Nxt/O2jswyOVhlHpiB49R1BIEEyT4O3Q=,rxqKnS4x5HVXjAeT/gXn91gRceUxFW/uxSbA2oSvd68=,wagGbY592+trPJu2x3c8ZD7/6+3tbl1i4pR59zZHgkA=,SU8p1irq4cn/aNVdUBdPu2BZzb1JVyk1UlTzSY1Baxg=
YikyRVmcDqiYpKFMKYnvmER20OjOK/CvoiIU8ztntbU=,PhiWenkzMhFljiylXHcD6j2H/qr8m/s2bK44Yd2R+Xg=,cOxQ0HQ/erzU+6jDrfxPvJiSfD+2RjxMpDdySwDtGoA=,8bk0DiF7giYHrBj20XWb6RLoI22RZSFot85wpu25JTc=
0LIIOittbus2g2f5Q/2IpzymfrLmLyJbRD+oAN6SgUQ=,LN0thnG+DoqCCH3gvn6lOUTQpn1vIt2HQFjNKY78AnM=,h3TG+SGAWHufBFvBgIFcVzGUsUnyR2ZTEJq71WsBHmk=,MRtGmB08YrjifX9xG4zknjvaj3T3a0/mJmOHAZyxIuk=
wrORDYB4BoYfZK5SpMYthywN5V0/xnqahSWc28K2GcA=,rOJVFIrhjrwlvT14XK7TPUs0TSIG1x4rNvoXu/2t5kw=,BG2N6DYLWs7Zm+NN9WWpob/jDyDQ52dBBzmcVjq8F/E=,WBZYz6BBa098mBvG/ko23A5Um3Rlys/8tK3FAq+ybGs=
jQPqS2G8vyCvd7lYxmYxwVyzYR5ihJumcj7O4gQtxVE=,hZ3J3zLdwsPm85lL6Dzmkd04cb98KFEGeN+VZq5ewvM=,T52CpnhTFxdolOhfSrQ3tnklSVZk9+mXm0Rpc/tBsaY=,hsHnrypFAwyyKUHuzQfMHbvU6ladMAskK3hpNcl8T7I=
XH3ILawVlggaNZ1bA8gsXAzdVEjv5e2G7k7AoUpClEY=,IlRIZRKB/M95rXY/UIoWUPHy9pmBcHSy5g3Q6skQbes=,7wYMaC2GRdLSGAqYBbeVZntlE0/NMApAYWYex15XqdE=,iGy77NEXxG11pf5xiSqDpf+auFRZSsD8F+18WiGCxCgKQs+1yrU3V+fXzghjbezc
33y9v1+iYfPhpG9Y/r7tNHoE2F3dZbIIvB/wiwxf0p4=,6E9nHzpE3zA4BQrkZg2zJOKoR1Gjvhipey/81T0Fc50=,j3f/98p78jdu1gSzii8LNy8fX8y4Cg2kqjxEXeqY+G8=,RWu0x2xOwhPBVkeNvSoZtOEiY+iBDxXx7SgwJmiALE4=
28vz6HZipO2QHFI/7P6dmv8IfpHCvruW0UnW0OmkVjM=,QgusVLmo5q0TOQNg0przSVlkfDu6dz6plZW1hwyq7dI=,X78gnmAmcVtyl5BfWEhN/6wUvpEbE5k13HBhVoVeCVw=,DZDTTDTO+sO6F8p+AmOQc7eJ+IthkM/xyeVWArnbkFs=
IOdPtdzf1SodlAhYO6Z8xu0mCIL/Bg+DrayN50Qavc8=,yBUlhGUOofkcuByZC7EAsP/8TjAUQwxDSdCnTaASOb8=,E/X+0TqYB7WZpZ2tY9nbFXZc9TtgPGxBX0z36IU4kkM=,kZsad0rT70Bp9ZKxLlWIWvKdCSzweeb/9tngc+opddg=
Nc2Wsc+8VrH3FRerAYC8qHSKYq9CqluK+gnGw2Pafig=,CiPCb73ZU9MDvNdjWFIrHB+Z/KKcMUGsXJNdgSdoW8E=,cR9z8/sQBnwv38CZhe5zUzTRJYfWRBqacaZPqSUgETI=,t2MYn9vPJdVB9Tw6o8CowOJ/WSJYS2FcuMAe52YqIcc=
NK2cquo7PigyDx1MwUeXjfh2kiO8ZcTYthbNeIel+pQ=,GpQJYWeRoCFsLFb6ECYfTam5e4U3ELijwywo4APHXWE=,f90mWKktAdF0AVC5gNW+sdRQs+e9GL1O3HkBl90/jNI=,KCvM4x2ibz8o5g7ShjuA3AvNxdCQGT1sVGD4AKnBJG8=
4brvQXCn9jQC1u9tlBXRn0rrUisX78oWzJ5tOhKsClg=,s9o5sLNPGV7DVN3QGoRBbm1b7bqzDLSldwvy4yDUQmw=,fSB44YlkgvOuLFnSAnelroerFH6Dbl+76xqV9IGyrAc=,7fSNQkjIjUSHw8UCgUWBjaZ/hlx0Jyb/eEKPxZbMx5Y=
9GOMxilwzaPZJxvKF0gA7kONEf+pTKOTmyNfA6K0TNg=,r9g2EBjmHR2zFVLW1OqaS08t4mnqt7C0kCjRYRCMZOo=,iiDxH6ewYBSIh4OefqElEmHl4rpuBDdiRNKQp2pJHXY=,pz61brf6cwCcRNAZJu0/mNmxjdaCREEGCxwpeclj85A=
oAyS83fPt5YcqGx8rPirlD63foc5PrD6o3OpAP7eY0E=,fjBNyBjmEzw/jH+kEhYBcXfXmjhb7nu0zTSRfFEYlHM=,v+hKw6QFQ9MRm4ZyWqFdPNbKmbTtYzxdWMSVC/iTkPo=,XQK1fbAPtpTsVY9sppivCCFQP7zXwCtWiNP6Owb999A=
wkQ/n42+5rRvB/FrN7Js0HEvpVniuQxvo20orHbWIEM=,bIs+IUK6mnSe8Xvg+WmLY8o7GXFKaEJPfZQd8yR/+vo=,Jbhs3ParaY8KdYYFhaGBJk3QZ6LrQOTHk8fmPPCHEAo=,Tt08sFHLkbqWtOC9o09vYrq8ePx5iKG5r0JUdedisVE=
f5i2xitY4Wn3WjGzen8snsk6dQBv+CQy9NQVKXOR4x8=,QfeXxoC1lVTcJWdj1fpyVqftKBfL8zber/9iU/UV6+Y=,9FwKEef/nV3MJdesY2M1ku7qfpcqpzBmIaxB4Muvvco=,mn5V0FjBP7xd+lWFiLDPv0sAbANy6klQPmfVPCTlmSwVKG43CQKiblJO0DZtiwO6
mLkEoV4bp2y4V9w+3AheMpK4eiVuwnz2MOd9gnz0b5M=,ELMhSsRtYtEtIV0yQMerPTaDuBKRSCufJeFy4OcuPfk=,Tl7wY7/ffGFD7wumHmVog8N/gtuZwXzRdstCcsRa3Xg=,nujjcgZtO5HPwYTk3glh3z+Ms/vne6lH1VSNXYAwmak=
RPUo27c1NqAHpievV0W4BQ16XHPCkl1psgkPzvWoMso=,HJrX6VDSj9n4hBaSXppdeCPJ9ZANNYo59VuN7UVY95s=,RMCCN/8MPjG1GE+l3lW4owy1irl3BDk7FrYCMweJfRo=,cWX8SX3ZOqqNDUco5VhcZ8iCt+fGWwjaZE5CNnIs+/Y=
8kHZSzbKQmr/LjljlkOwmYwsjTWS12cCyio3ftE46fM=,ZVEaKqKChuNVVMD9wyTebQnALtkeA/+nr2wY5X5dxL4=,y0zoPCtZ/fc/O/0j6fxcS4TNws8gcqmM6SP1Gii27Z8=,HWFimqW+1HcPRS9IHkH1qjKsOTw3H8ARLAo46ukyNzk=
ewPsjjIIB7yJFwO43Xao44rpvToLDG7MZSG4EuBubiU=,UBzhlMR1wDja7rQ+edFZ846fsiWfjrGEfjojtHOQA+M=,3mA2tFfh9kvwgrsL431ezHSnh/+dRE6xjciH41nMFe0=,r7El9ILelORc2lxPoQGB/ZCdnxoZ0dZ/RPLmIP4P6yw=
hwLLAF2lxOyZqD79ZNCfQ4PqA8hzNXfclPTiJ1eRNzM=,eR1JNq7ClcAC7GG440YJ078/Qu/rSFAP+eJx3u3SXIk=,mUApbJCI49kTJ+mFX2MN1mydHPkVtNnkPthi40WkuGQ=,wAriClu4/YFIg+G6BOa1KqTMeFG4wtPXLwWlYS6DZJo=
WnagnWAXj9LdNotfuyK4s3CItpiHWRWD0YS8TxT7dPE=,gir7mgoxeboqMeQZWesccU+0g5czh4z7zlLnfMhmZvA=,+yE1Byk4Fmf461HrA8Tbkvpk0CAMV2mnb7bb2Cn4R+Y=,3XPaTboz5TBhHkqOJgA40En5HHPYM5LOL3CQtEP31nU=
Iuzi+tQNN3hxziFCTV3ZXycsjdElTwz0HD6ScaOAHtc=,PYzDRyUT2WQFpYbeZcwQI3ZkFZo2+sISer/6itgcUNY=,N+6CeLeeOCAUOFXpo5K0K4aUL3gPVQhTg/XMFeDlVeM=,PR2qA33wOyeQavIuVhoyP+IVKx5bQNTkeli3CWi2C5Q=
mZYt8RVxDV/7J1ZO6QK8kqpsO2HFjN7jhxOpae0mrBY=,1EWfYAjUzaWvsOSsmKyLFW9QF3jVIZzbtNxcj/1de0k=,0VIhzmUjXt5QWzCfiahp190IUGBLZMHqY0JToGpqxIE=,aFEd0LkfASFSIiUBDkkz0T7fND2bYBLAMQzCHpkWiyI=
ndU8aZnL5rKhC17iw26hOw6AR63Vf9XqVOf78NUt+AQ=,UsniSf1MLT5CmcGAaQJH6xiZDWqKR9bpV4ljK7c3g7E=,JQGveCUDN8RJrpcTZcwFJeuMnkrcb2n42HvYP12kE74=,KsP8USg1IflGTULQ9b+DcZxm5tNNPfZtmvuAgl4oqA0=
LWm17pe0e3+I5zsnHMkoocyZ4kM/H35ybC3CeXO6oKE=,Eidii0jmHaO3lWAWHNKud6ByrQp/yFex5+n5y4YqSX8=,cu5z9ToefQoyMUuKu5su4NO27+v/Z/7BKVpDlnf36js=,jumgBsbkoTN9X78fUl+GEUqSbJLtTe/fqYmnmgdVDA8=
+hvD8pINxkgIV1nQQEuZFJdrtOamlkQOMfv1gsKNEE8=,W9sIPmh9XJjKSfAbaW01kN+7PkZztiwcMEh0//GsMvU=,fcq1jvehvR8Veyir6nbrQK/R+nge2+VJFqfpfMHjCW4=,cRmBJeUXUZIZS5fmfmCoBBXDdM/NErBl5RTZRaX0nf8=
cH5EQ3K1yFOj2XTJ0rZxF6bZ8TTcHry9IZCoIMVCdgc=,SQc38P7n1rDqLmSfuKXW0GhJTSPMT+sw5AIcu7gfxNs=,i9PHRFdn2QUj12Zom34Me+IRv2FVquZSJ5J59MHiE14=,YNd5ZFBTZ/CdJKCHCbwD7V0N2b8bQOWDHfvPZANTv3U=
7LoaLZ2bc5rDkFx6f3KxSjaMPssfxjdDhywdkKUrFx8=,CBG9QJuAU3AAUo65CF5PWm5mxn7Xtr6p7InTV1UdGao=,m0bof4as+5x7SMT7uFZFbGXu6TphuS/vpFqI6sG+iTA=,MQHKG2Qnm6SgQEYhfEXvJ4fqa9hqpdUua+bQnV4bWvc=
gFNDpJI/+YX4askgt3/30LT/Vz682kUYpAIujabDwsY=,SFvqq/qYX4wrT2l76qa/tA7DHg2hScHVU7Dnr974zjE=,pLPMLXOQs90CzMabCNbAJZE+7MSUbe9hrrzp0tP1s8o=,rJtlKZo1IquAp2GZl+jcTHfti+X5WdKdmsigTNlj8Zc=
ZY2EAqX9aJ1F3za/P5j/6zxbzocBZKK101M3Ys9Nr/Q=,bv8owhVrZpsHW+qOsqaLf2xr7rrfvCCCYn/8y5yOrBQ=,Jr7XvJg3rbjUNljLN17kr8JTUACK/M9BIN9udDbxAgM=,XsrGa/+JsWIHyNPnzIY0sCYrlOmNK3DalAUDSl7Xqzg=
X14ebKZS+6O+pFkLN20CWyS/ON4HfNHKTTTE0KlyuYg=,UMveFCWcnJiYUTyxW9NATfH/REu/l6ZoViHVWqOzrGI=,X4bxQppQXcWylOFZMPsKRIPOffd4gOS7WLzmXoqjTpM=,ltIqDXYcXdNtNyxKFT8gFFm3m15iNPTwygTC9re3asU=
Rbk2WNM8lSilKRdD7Bw5AghXqUVziTiyiTRJHeIYurg=,7vF39e+5YymwsbknI3OZCPJz6JajufXthq0B5xtM77M=,uz9Mk3KNUYs3jz6UrDQRqFiQaJ402xwPazqpfHjxmfw=,K6ogs+T4I5SNgAydW4rzLNUuSrVRjcCwV1Vt8wwQJg4=
haYoTEZt3PH25KAtDlPQEtoAciUZxlhYrrXmOiXgvyw=,4b/ekdpulMc/nat+3r4lV/7o2/+b5Wat3wRNAxkcddE=,hXKjEwWuyluojlWUH9lrPE5wGxvufRjsut8I30taDSo=,rig1gJShTQ0Ss1HT0VtMA4Hd1zHbfXM3zbsE9bvstd0=
EbilmGf1PIV/0BARQVsY0RDPFLDVgz5gzjU9SY/ADTQ=,sVWzS0OHXu1Z1uq57iHwjs71L22NOLrRGEkAgYvB4oY=,rocnGpMcG/WCpvEY0Fsa1cf1p2QCXkRO61k3Fms9JBU=,P//WtvDFydDDfkdNSQiwgZMQJLw2kurda1cohgfL7M8=
7SimSXbO/zZBctdMybg5hiMZklwNX3z2jZ4edw0g/Xw=,oyq386PoQx9vsPs0gkH5jLzkEFKN2bIxq/WhyQQdoXE=,jYtQCGXb07s+vVsd9nvEqUM0d30EjQetHwumjVGL+io=,4s7REoVPxwVAZpKfjOmPV+hiLR95dLViP1AQ2WuLS6U=
JnWLnMT4wlfuVV3NzDHM3h1Y3m9WHj1YQJfu/bWKJQ8=,uKNOvbDgSMn7HVpGgoYM3tir80C5lwkm9ra/Ilu+K0Y=,wnuo52bWooPgyghGLBmv6kabUDUiFak1MpZv0v2Ew9Q=,FvcikW7tXifz0er7M/xbUw6ORjI1ZK40yJZctDV8XVM=
2VC2XfkSBhU5A6cqzDjDbb4plg2iekE/uuaEJvzfPwo=,/c0sdwSawC83/9AU4bU9EyD94zI0Jq7IZfg/Azs3UKQ=,uNsVQscYUfHF98iSZhLfS5lBHDGpfPDBAyo2rAum1u0=,+DQFGBPMRn3zX2YjQVmBP0Ea2cMn8wX+7IYjj0JjXo0=
vM7WQdoINsHXzchpztBbQNBmOKKrvHZ6hJXfCxwJV5M=,ZzRwEapCFEnK2qjmAZ1XyS/diVlBLmnsiUNl55cxD/M=,1U+LRfdWAiOAaCjX3sTui0j/ZMD8ijD34OO3Fefwqyw=,vnxpMu42PGy3l3Fc4qZ8FeumY7YbnWQf2xtT0YQhMf4=
H/wwv/U14s9nIIjtlSDry4tGht1cem+mgL6Nrc4NJgA=,nQsiAgQoJ1pZcgjYHTn3WhOZj5Rd51FkMuJ99TnSdng=,yIL0Go+w3OoW8JCakOyZorhSgeFi5XRj5TrDW9sUNXk=,pVN6VU0RlobbxcZoHK6jhcy1l9+7ZmgnNP9QHGa+kxw=
K/fPet9tJ+jb9a4JYV/MerqviRtE4suXU8TPbPQFHdw=,mqYrrGjTp+1/2/fcTq0uR38KNM6JAD9PLa8d7AYMf9k=,cLj17e+EwauVoFUJsRBBkFg7PH1G9FyZCVYAUZ93Ea4=,FCMsnzkrGNh/LA35TjaOIT+DFGp52TNl9qtVRLKrb+8=
k7mNoqWU9/2mF5QwIh8oVD+MPY7B9yWKjpHWEKif+mg=,+sGJedaGZpd9YoDH5fEMKuIonLJHeWsqOuNukYDasuk=,ErUhrUPfhJnjuCwUIO7y9FBaSBt+ACZEYheQ+yYmNoU=,tfsCRDdjhoHOVsNhogq9wkF1rpQvIAAqSzMolSlwvmg=
5JJESzBRxBOmzSe37fQ9ennNbnSPoV4ECck38iZzvaw=,Py5RNpUdzA6XLUcfpuiHjcnGm8fhDvKdh70SP+NEDEw=,jw2MgfyKuivMqKBQOiC3NDAE9zjld4dvo7e9fls8WrI=,dgMveAG6ADI/90zsaWfcM//oeAU3RejSY4AC7Nq8glI=
cumoEfpozxojnZBDDEYzMFdgiQRitI6Q8LYM5rfLbvk=,+llQqjXL/zxbahgzUWjjswn/Dyl3BbQQ+7AcBrf9l0I=,DRdEMr3S1fA+uCFdrXNmRnFjHPqgK+aOmJBFzIEr+Ko=,FIsLeCLCZpjeGe2KSzDvZKAGZKxQzERAnytr8SD2jlM=
OU372avQGZ2ZA9rpE8ua6vO8Kc/KXCB+0D5L2Pzll8M=,10fPidG5F6bZEzthkmY8rNEiPadM8KRcqns31ZnKaZ8=,/YnQXmqAIdKJOnAQ8Mln8f1O1jI+9TmFdKOhAP4hExE=,VqcfBtjoU47Xl3cVoTsi1NzmYZoory/K3J8Aj+RzvDi8DEQ5p07/niuBw+2QBIHM
27xvrcvdCh2wsfERulgAYQa5uFAGacTkpjOVGTAzQK0=,sNiY/rk5SAat9Fx25sHutCwRj0yRUt6xCD9HCK1Uu3E=,9q9cP9if6PHvb9VowBFgXN5nbuBnE/Y/moAXWJbPN3o=,0xTpPOAaaDdFsyYbb75UcAmqultQbJaOktPyAykJZ74=
hNlh2ZryQaxXULgtjIgSbZ8A7m4BHaIrCGaeFpGlW14=,Eyn5Y3Im97JTi5Wq0YOTdMD8fOwuYJJ3uvJd/y0I9V0=,saLNb9y1vGnqMdu3yXnEAQWbhuSZTkY1AoAHDylIw1o=,BEHcqIbDYBqVZzT0IxRk/E2VvZGo5cS4F8OV05USeFc=
lV7ktavFoj2MKmuepii7o3TIbxSGAlzOaO8UmKwllqA=,OIGHptvKphc6A35e4Pibmwvc0aXe4O54gUQwx6Hk2Ss=,bxy+zi2mIQmwb22A9gkueggNwL0PbElmFAo87oLKH5o=,+igRLKvNEtpt3IPL0pLIk8dWO1TnEp+zsf1C750FSws=
auVvApbmM39Ntt9W8og8x0wvQ8Sb5NMUfbem7PwRlIE=,JmLIRfsr7SXDd6jQHQkzEOANMs/S/VEgRLHUyg+F6Oo=,WcnnMDnBmgGCO8guIqFwf+oAnXV9ARpEmLZeSuehZMk=,aaXMuOSTIEVyEGGATIsdZQwjmJ7gINa9v2bXxbeHsrs=
57tOd/BQPzrOq9/VfA5cKvLY4hRQfzE5xTu8O6WEijE=,A1bruTR8r0XtV5ECnw27UmSbz0yksAaHJxZUlqXRDlc=,z4ZPkzffGLS0N8RAb+amG4pIGLKAGGl5XOP1Cx8Yyrg=,3fNT7XyWwF4YGUdSSStoqBf1fH3Pb2QbsLQKOPKIkxc=
