0EwY+A/ztNz26SJRK2fgEOKcduhXnF8yVYHjI5Tzric=,gPDp4n5TAI3/Tzvy+HhK8d2gRtMOQAk+bNvxMPTk8DA=,4t8YO5IQ4ex60ktEbnUXJpckZXEYfw2MRG8k2vrWXIY=,pedQ6ZkxoGVQkOmzpZt+OwqjWTFu62PhaVV/N+BoYi8=
hp6tnoxiRz8imS5el9KjGhXAyc/MefIToraX01IWHAE=,fIHplzh7Rqc5nCKwwK3Q0asmhtEF40rJQUDQqc3bnG8=,39U0dXdGS5uvYOdtyLv0aZxr2SQjFeIHHHdoMtq5Ms4=,uvXY/bH9BMzGzyLeg+/5XMmp3Zjqz+KovRxbKO1cbTE=
S2lp5V8n8KnEOhBbwYRSF5xn6eddaSP5tVcHm7ynh3c=,paXBPDJbSEgsKH+oDQ4nnorxu+NHoV7SeDxGUJSJkdA=,MiXKkRpI5J4X3WUqKVm4z50ZOfz/SfriSLnoM9FGOlE=,scd1ZTE5nnEc47VFrVJf3T1SNWgziMmixPtIpO905LI=
NFODUJ9rgE3QXGgiAez0bk7sm0edsr9GRXxEUdJ/Pm8=,YYrU6BLBf/gbuDcDuQVOTlfYYt3ek38xX8NFkC5bzgA=,4fD1A5Rl6YJz3ZXXl4Y3R1IMhcIWcAC5zzDZp8jT5XI=,XaQJff6x4vMCJBrFRa24IIX3CQEhoyEr830+Y7yxU0s=
lhnGYxuuM6CsRWwqFZeVJvwZHDs1z+TCSY/QfFJOZ/4=,ib8NnKvqS6YrrUUqFRfEkpTgTLrgsrHZDWVCHFyJLH4=,Vrws5MBErOGo/4+eko1DJ83Y24rxDy1+BHd5iXpj/Eg=,Py5qZRcUM/JtX4mrOlk39/PsHvAJEcmfBepLzlxgNho=
1SktmpbG30On4GBsjXNLVgzQ2FTEr688IShf7NABE0A=,msqLhij1D7dYUKYc6sbffLV8YnbvGbOVB8HWhqRR7dE=,HdBoseDa9L00SLvhYJaIzeukSB+L/1rkGxAt0SY/fKE=,XxEpU8Ooh62kM/11lIAzExYyGUgdPjIA9iy1EM/Hb9g=
nBKuxSCkejyptBdwm5T7TYuxdVyYZR2haXQDssS6e+w=,BGPTZyrjvACPFDOSikQF++U7tHlPLjTV9olFA11lw38=,E7yEvPO8eq/8iWY2Bs0RrJiMspg5Wqa1JWHIGeQCJvY=,GeZpcKaWz8G8qHvR3VEDamBvi50vqIdQvgmIsu85hSi7LQAQIX7FYg47e/QNCGnk
fmO26WYPKrz+Xbv7aM3ZoimzP03Rh2nZ+piKzUMfr7A=,mtEw6hYi42AYh84d8Hl4VXd8HwPO3fGjVHART4S4+Nk=,bhEKAxUEtqW0gf8EIS0GfZ26BI15YwawBkuZR+jigcs=,odCBRIj8X9wNbv6neDD26n5RJCOe7ff1KSIP3nazzU8=
hWGqj3jNpVWNX3N4PTCLOJsjVSEZJgAlSHCRwhJQS6w=,cJfOPR48NWwlH5oOYFkETmbkkGi7vlqx7nsO1HLHvaQ=,4b2sMzy2Rj0WrWZrD5HO8L68g8CyVDe34FsC2MuwcMo=,iE2eE3zv/xL8M1Z1UhScfQPuyvFdSrhVhXxbCdCNYrg=
Hhmlj8jHSmuNMPZi/1vkCtFKyINnf6iLtRJuyPyY0WA=,7YgWmsNQAYhrjQm/8gg4vPLnCDuqZWGVZN9HordZSXY=,8O/Z64FXMOgwdwxccov0IhqM04QdK26r8A8ZAvJGWfA=,qvHNeAq0lV0sw7ZubBzARnp1CkKUWJDz89jt9QDczUJI0P5u2dDnKIHIAGADLBXw
OqXpoGfpWnGz3ociKdxuIsz9/PwjVx6FYQEK/1jkznQ=,fba8pF/Iem+8Oz8x4KU07Fq16Oz7LT4fX90MXzlSP24=,2OL7wqyeMuNBJQ2o39u3Cm6tKNFtVS4a2RDaHgdwhME=,yKF5ixmtnL1jZt929LGbvLb14qi8PYE1sBZWvm6A204=
AQtz36PSawVZsx7ViLIA72pF+Fr/IsU5yAmYZ/hBNgE=,dnFTbfGQAfjB0cBR7oG9ee03UFSo+mQ3Dp8A5k6fhzU=,ZHT0eFseK1ZcElh3NPnWLq5vlyUP2vUzODfpKEMvOoQ=,mN+8HngEBI4iEiobcFEBK/ZROjJEdf78nO2gVlLtAmM=
IOl8x8dHabItabN2AL1NyKE8AQVBjtWoVv/IqbWsXqQ=,FLXGWReqyeF8Hnso5VxYxd2CsT+9VcuuVrBvl7Bd7n0=,OWQGoy67tN1dcpDBGQvAWZUbvUYjgZbZv+gl8HgkbB4=,UMJ42akXLFPYGEiF6MIXt/Fpxf8XzlBaLhz4Ijpt9VIzpdsvURpzQvC4tkB3cPOD
7QTgCY72oo6On7Gm3ZwOVuV+WvZZR1oQal3XYH7N1KQ=,bYjBFC84irE+79jd4hqwfefoAS5IuiCxb5NCewbAr4I=,6dR4SRifL7FewbC2UD9lW5sqnvMGz1nwhJbYPjXnQqg=,vhyA4MjoCWHVmpvbsf9nWac4WIEAempZ+p+N8eBk/HM=
x5ngYz/ti9XZyguQDsYSGFNMtBiwTTggVtMRxIAywWg=,U6u/hWdOBAQoxH9vzJBKhxTPkWMV3UYn42nCbeEzmU8=,95726DNHbP3OAaCkbt8IArxfsBCYq9VqvUc0cBXf1og=,vVvoEQ1d6bNqElMAVlAw06R9O71As2Q36YG6nokY9dI=
yQ36tOP0t0L8qa4dmJNilKvc+abyM16kiCoDNFaD2zk=,33CbBacwyHKJxJDAI/zfyFW//3QYrzuvGxa2UdDVGC8=,IQEcKwn/kWWvyi7RjFPZB3Qh/iODt5zxzlYkrOrgoCY=,rGzlXb64O0U66ENhqclR2/xu7SUt1HSLz1KHck3wjss=
dtw+muDCCssTG4CXi+va0b8eUCDFH25aFESHOhy2Ljg=,0AdxlGp+8VBWQjmE+GM682tm21LJbk7vuM2pgKRs0/E=,8c7MAKfS2RFgEhSIsE4uwhQuPcInfZpgeGyv/9lFMtA=,j2xS4gGU+6itzIWe9EL9BzJ0U4a94Yaqgx09eiOEhUk=
rW1X9T0GRUsz/mpfAcgqwp8gjX+OUycwzfP5tVzSj3M=,64Tzty19J1xr7gUqavo/ON1/rezuNJ7QcsTHftxPrVM=,vPHeXDFE/3mf12lo1jBT9Xllfy4Fzv3OvnZ3+WjwksI=,vX8i0t+6LNEMA3VhSGz2vttk32VWslxVHFgt9SWltVE=
tR/ysup437Mcr60Ku0xDVWXD6YNk66kpgxQkih3UhLw=,IhQdNp6wCdoZZUyKmrOsix6m46Niv+3MBwPZcv0j9m4=,uD8nRn0Qj99B2M0TRjCxiDAAzpYF30aIJPsWdVrh1wg=,APEqQFEhefREMC+0AhtQxON3gqANB8KU5AMdjH9rOMc=
5w3ejzAH6oCq3FxBYQwkPD8KgkVHVVjrtBklKycApW4=,tPio/twIcqBiscqZxAHovrewmR0tIXhtqrOktLB9OA8=,ZSHjcNo6oHEveDNnxz6LuGOXAnYecIwmU3fmVjeirMs=,N2RgfNgWQVagH7YIz6JCYOtPdD/Sy7KndZ/GbHXybbE=
GlVSvONeZMgnz7W3WxEXMzRXtRKskUIOlRMZukWh/3A=,8gUjys/kPrRCzAQlSFLSwWylumTCnh4alM3Vca8VtKg=,U4bK2xJJX2/WAJ40TmVHRRhBypBiKi4pxD9GtiZNQtI=,PI0f9Dl3LkznY1No/gFxL1a7Zrq1OhHfIoEOmFkCX/Y=
EsxPKjDj/Q9DBQw6B9J8lc6GU3+gF69l8nIA5od1Vn4=,b+NzeId0Y8MQ95QwognEI8Bopd0WUhyFSOvRzZIlXGc=,3AiqiWtGbFs6pJrVDH7hsXJC1G+RBfM00MBR68cHPwI=,BUzNf9LhHXpcQu7zEiTjdCicWFol+XwwqEM6+2CTQcU=
4JggPctC7UBRY276u2W1kHYA1B4TIN2INhRLYLBbVZI=,ury6aGYJ9fXuxc8FSGybDwdG9Tb1n4jzlKM5a0a6tqg=,F9w+mpOEOmNOaeFcuEhrdjLIgrMc4wiRnA8eeKOM7qg=,LTrvCabnoDDVE8dRyQ1gWmVCHBnVLzpmTPM3F5iNtPc=
owi2yoWGUVu93rTvP9UgVsMKikRAe9LNWPdVFwn5w+8=,Ze85sH5Yh9IwoYopQQGQKjzi+QufRa7mq1JxpUsYAj8=,cwUz7N5eervAG0j27K3ErWd/Wcw5twTSrTuAdpBS2bY=,McXzj4NAgXZnNMB/UDakntahqjjWXadHA1u7UPunIvg=
HNnpBj50Is+23Cox02jevexdcgdF3ToI7O5dagRWPOw=,sXKopcN1Jyhpf1mn1cOA8Eh5/rNSOfViK0MfN0k6Z9o=,5ZFS+dEatRH1KprV+BTOPf4GJKChdED3PPAuBSWUMa0=,kT8ViI8nPoGhHVEXrIIWnMXNE2gHvlwaZIhdQZJMiK8=
br/niQBOvaciv9UxHUegVf8LnR/Z215WXrCHYlZrE6w=,deF+kPbi3KJF5zlT00PQ5aBnD1WQ0g1o7DK6G8oVtTE=,VICRly/ZHDFdgyz40IAV2KXfBjMOZyumQskE8VITLTw=,GFHxNb8HktcZKpy1xrNuH1PRlFanYtgXk2PpytO+tGU=
uJ+CuDXgUDF0yjsBJbRLctvPOlxiIEIKlWAkuZ/FvoA=,8d7b6a9uNWxrzg49MGf5cCIi/rat/Ond4sE8Q6iVnO8=,50R33OxWJW1L5fej86pHBqbu2AhE/iAqJRXgmn5C+bI=,0dGGZYmMrR2O/qp6rC6scIlFkk3w4OR4xqytfEkeDS4=
CiGBSl5+pYEnjI6T8pyYeJv8XZmQMzu+sQDSyfeQNVs=,kNgHnD0EevUr762fSqpOA1EMgelsWRQzW4EhgVMDPPM=,S/J766xX2JeZb9eiYSzRp2/HI2kE3r+GnmZN/GFrrV0=,H4I1fTZg/FC0aawlJO+J+q9PeDvDJ4nB2rfG1FDgMrA=
hQQFU4qAUxjN5Izt8p7VHChwyRrYa6XD4X2xd3lq7HQ=,FoQp8srhKHw/nsbeqqt1kUcnV2dcjBtaREZOKEAZ/MQ=,jWxkHO/mE0QGi9II/JXwIKsrqeubRhb4RXHkTbUzWO8=,H2cdwzz7xjxvv6DG0DwShXdTsb8ThdDe/MyRV7+9PBw=
CXw2mr00o/z5pJ4gO3ehjJN57ROBwtROX9FPU7uw0QQ=,Uso2XEiuXxKPAe347c3gNvVdxEcjHQ/zkEmNpD+JRAM=,CfU8Pc/K2AIT7HYnZBAfzZbkiWsbMa/ft79cs+5SmXE=,sq7pOT4JcENSnnxoIaGkNLg0Qkz9/MQ/Un8BiBX9gbM=
3WiyBuOfCiGRpUuQL7srqfhk/LopQ4IYYIMUiPqhYpU=,Bs2EzLZCPoN1ZhikLzQVJvfb29ZiG6D+Gyy7M/F+l7o=,PoCNcEuDiFWurwT4nGO90jeQTxVm4lRiSp2xp/9OJNk=,BNYGWysEegEEKovcsxtlnzQfhTbH4a8q62uy9tWaWXw=
et2eAVX+ywcgpV/bTcy746p2TW+xBgfw/LTJaoa90bk=,xrfAuhPkExRsACyprCEUmtPKcqhf4PX4AOyytn3ME+E=,StweZ3JhUWgTxovdn9VmRgA1g0ExY2OfM+nyyKDULaM=,jMdJXxHjlQMkPZwu7RLxZlVDsHLvwfHi0PpUgVUpWtU=
igcTFremgVOOYTcZkemxv5npdne1btZ+zBa+R6BLjm0=,gNqcoywmuER6ViTQVmATKpA181R/oDAgaELtiTVH81E=,Qi9Y24qTsC0V4YglN60Q4GaG+zUTcHWxG50SFvDWGCs=,IqtXpOUyBiZ8aYBhWROzH9bDzvJzyNyWyT+SpyHrdpY=
SG+nWde6BjjmJFy2/ZvrqKH7s01w6n9zk1PyJhQaTNg=,P+Gp1B/d+XgxtVa3+WGfeVcwZnptvtCu/YSf3r+cqYU=,Fx4r/hfvmmwh5+ex66189WKGLfeYMulfL9jLmThFSgo=,wG+Ccq/z6i9z6t1AQwadDYDnSzlQq3IxKs9vRj8VnVM=
H5U1E6RNHrh9OuqFedI33s5b1a4/tPxtYm+KY2p3x9w=,gKjcNnMqpW7jTY1yXrlyvtbNVMpURZTOly19OjWoSCg=,nalfTxlud6sVXQ1fVDHgAPepRh+fogS2DWBE5BOOEpQ=,YSAvNzz243Zt5Bscy0FW+51E+7q1WidcpoNElndhLgQ=
G9DGeZ0r/ycScReDCJkNGHUgycyc9fNonbp+d9rzhvE=,6EaUe4mC4gZMyQsmfRM1XEBo5yCRI4N2ih35Gpryq5k=,kLpxG0YRpaknnL8f+eu3VGaDMEwkjLukJZ/2EH+VFSU=,Pd8RiDoqwy3p82Cm9W3n3Rlz+ZRZ++8YmJtZ00CEokg=
kR5zQbYg4CY78T7r6rMkrMDxhTqNZaZ3S0jBXCgTYdM=,3wdebHKlS3RL3Tt77e3AuWF/Zud42ktToO4vN1HDjZ4=,plow75y9Fooj0s9Eg+N6DNcTJ4zRqeq7nu7GbU8BPUk=,N7iIbZ4DFrnKWwSRLnmEf1kAdu2WiZhiDEl1d8H+fAg=
i6QjYNEYPw3Ndpif1sVRK+Hixld1oSt3l9OT1jvxtzE=,W5bWiaibq+eC/0y+YV4Dl2bvwEFhY43OzEYleuj+QRg=,+RWWHgm8pcJLwDJKYrr7u9WoFdZbQYmrfs3knZnnOaA=,FfrT6zwLO4YGIoxl8YI/kDH4aMV/5DPhP4Tb4VtiK0w=
ouIMyCv3NPQ1m1OaOThpStNUopB/4IB7toNZRlYw5qo=,jcifk/DqSqI+afbaTq1939nxwey+N4sKXGrul4znN30=,6lyUpgj6Gck8vFxKv6MjT6qKFEZdWmHaRzq+k5qo0+E=,dmqWcLdBPG2PwA0DwID1Tg88h7q4P7sWD4W3RPXOJ+4=
uzeTYh86+nKbGIYaT/wfHH8DlI2UKMRNkCC2R0Ahc4M=,bMOzrUBs+gUTFEL4Pl7e1S7xCxiimoIHMtoVWH/rryM=,FvuK1C9zz6aI4tNav3SdPDvwP+bBRcOwtvWpdZ5sVYU=,jjVIJ9Pulqiv9boZpOB1uu8vs2RjHG+oS4NC63igDoY=
1nyHDd/owOjwI6CG1VOdNtnYfpWYf+pcS5KX/bX/PEo=,6pEQCwNn9j2WQjab+W6a9kZFcVxFWmWjMQepKdqRf6c=,sr73Qa1AOOzM0YBwLFbj8cdVW46oh6Mu1zG3uVCPYlc=,YQXk7SDZqwiya6/9AfGInW7lq2ZZuc3flrVi7XLDCrQ=
1r4rmmnzdoP4SoUZfJiEZIfPytM0sFbKgF879hFgkXg=,Sx45dMTIL6yGxM/Mo+tITVqDgpZJQsX3w85Ltizj41Y=,g90qRsXF/pOBjcQNOCvJYC7qQddb3cS4DBAzJ0/eu+0=,jtLlLfK7OX8n5R+vIFkmSAn8f1iNSpJwlnmTdoe6S7kRHd2Zy8Ot0onlWNmcQDIe
jcCx8bmhRXkCzc6DqvhYFvjReWTAWzq1Q4MljsdS9D0=,x2XXCz/zDnOmO6D5a0db3ke1J+ux5wJPRxh5i5AU1KM=,CbUMfD8q61oqoxHSvMuj/cf1xcNQ++RDRP3tSRi4/HQ=,v8V/rXidqBybXW72j4E5LoPuw2LWqO825zbm8hz4A5U=
8IcZpwxV79E7ZI1ERX4rlcD/KPXnnkOBM+HGUEmZSTY=,rs6B8vedgyxFIwfui1Vad8v/Qt2Goqnw/UXUMmZH9n4=,LMybz9W4BYCTgTsogwQE+l5FjMpnFwwmoH/66r1Ncgs=,eT6OndyQChbl3tHHsLvfA8+0nivPhRpPMOkHoUuMMjI=
RZra20UFu4OLUs+h5vtSIxHL2VtslRH3yjnlO0GOsiI=,Wk42fnt6eWeU/h7GFagfs6jPGZU5sLl5YvjXXR4aZuE=,5HpsN1/nC/u6v0w98XrnOyO3Oqz35cnDj5Z9pHOYUE0=,tQt5/5xR+Tjt78S4OQKBSGFg1cI4t8kBfJ7OyLAd4UQ=
zqVpeOokn66DozCt/UsAjWAckHTVBprNoc1af78wFsw=,ICvPm4lARHV9wkvZ7bWSkYlEmDauyZ1e15a7JSfFrIE=,KoigeisMCd4lVKkfGA6zGMSyu/S7zh0oFza2ivhOZDs=,LOOcMxBIuZO0/D33KUW7w9AobA/PRusDWYeFueiYf7c=
ko0dRfmawxemBbtaWVsVcv3uz+f6MbV572zRBU/Ysnw=,J7Tv4VDoIcE/5g8U7urOzGO335WW2EeRS0wxfSSGFRo=,ZEOJr31jtHp+/uYR3H+mEe6MJW3iL7kU6ZXoBnGZGj0=,tSzNUNWvb6adIf1hdd2EvwTtpNSApFjGE72ezWr1Gxs=
46XH2imq9zh4kYkoGEfafNEnLLtvxctSLXvGl62wzMI=,wGD5GrQvO+S1jtv9nRNDqpGGjJFCVmsIg0tWa0Uhlic=,XNVpEY2f4CBw976xfKnU+Lsh2B0JvX4dxjKKSzJ7xqY=,hngOyTT/JRkqo/G2I65XDPj3iXRq79af05oBLVVbOcs=
SrHTEr0n0HHBih+FJocohFUkdvr1AnoCRP3x6Zez9zg=,c9shpQXQFf1MSbOLKmX1qAH/UVQQmLXYzOVRnM1nUpE=,NVNVWDvZ3V+MuotGz67UZZLftFqgmnJZYTAwbbDGjac=,rAW/XDE11zTfIQCU/YU3pZE4r6ComLf8Z5sd21AwEeQ=
JrgkpVPxCHZ1XpZON/iA6uQVbdkvkH7sxXuv+UVVXc8=,mlsTJEzguR3XTa8I09VrJ/taKh1lux6a9j4HFbDj2Sk=,slC7ReW3Uk6cYMsBT+hoJoSMpTcq2HknLNvHbCzUEMw=,qpqCDXP8adHhgZY1RKxFvWshjC/IuOUHXnWPUMUWx8ZR6v9lA2026oDWCmm0x+0G
vbzcOIf+e6r88T8e8LCkg38XOyzQ+DcqRVaGHpy+v94=,HvykZUfRZOu4fjxTiv80hzENyxr5xoPJqOBnYr8jnxk=,tDBZp53JtjkpL3llOhsTzf3/RM+oA+fCr5x74uyRboU=,afnfSefmAIOUXKPDgkpfyWOLfNN44Ukf/9ZlThO7AfA=
A5xtSqGnAFasy6nZhZrKXx9bAJMV3rbBfLOVHh4A4+8=,LalytL86MGAjQCa7gRHY3f//b4mEKkxCwUNsd7dwIOE=,wPuDEY+IcYdEthZmMGlJP/j4f5rMBJiyXhhJpc03zlw=,A9HVNVHodf9v8k2duHVtzgEKc1ysnODtxdK3osVd9Aw=
yiRvBxpVkv0vUOARnuvc9h5gxqR6ykqqXeSr/Q2UGn4=,JUXVEkKI9+ogIcreN9N0GPLKdKwUisklRU/aRs1Q1MA=,YDxQEvm/0I33ZChjb5e7sZj4nyvNpt2nyqBknSpPCAs=,GgDPHgACKQj0uCSxxilBpBhfgHGQsxtV1pKhNOFEARvLojawTMvY87FwzSL/BATx
cWuObrFPq6XapKVN5K2YNKnv8eOgFIbN1yz+Wh3wuvY=,tymr5a3TUSFATRxp/wrABgrQ021VwsHvD60aSyVkY0Y=,nlSCKf6VSOP9NT572mV1QXW7TlDIh7XkENx1ZHZ515M=,etkOvGgVc+KUTebiOgbafEvmfiY3qfoKzF1SB2Ix4mA=
QSAwhYdUZWgN0uud2ofsks1lKNMI3P2uCo3Ly7C5Xsg=,XvKTVsIJGI/5lEOFhKYwy8S7s68MeXsE/B80atktjgk=,ZGiVenogn5w9/idn2uU5paX6G0rSoDmzXCJKYUJc9Hk=,u3dPztHbGvzpRerYduT8EkShKZzyb+4XiSkGN+P5I8k=
EBe9k+wnX6Ezh2a24LYt0c+VJ33xMZ0quj/5Pdc9C60=,f3jPQ/kV1srIgZ2+DlnE1lmO8sIM4tb2ZLxO/+loQ8g=,xLJhkVbDu6Tqp4htQKeYi563bqm99bvzs26BvzR4qno=,bgScTQz1TS8ixG6GAySuvKIouEBt79uTYrRYSfWT3Yw=
4ii18UYlJii0rtIVoy8/BCL5E29IYU3H3D8YiQwGXyI=,nA3M6Etupfz2uJvavinmUomLQjFkv6wIqVIAlBNtZZ4=,0JrkV6oapVIjCHYqjleYfRHQQHJ06A6hPb6d0ijs+EE=,2TUDCQ5Z+2nlLIk1OI+7EIE6s5MArZvafpJhwh8y2o4=
1WvTL71n7r4lrurT637ICfCzAjsxhzixkYJGwSTv/Vs=,DWwKgKKps9i4d/4r4uunDhjb4bmsayAlWtMJHcGZMYU=,17HYFNvwFkpMBJe+32uq+qVRZwdCLFMN/RaAIM5nj44=,hVfuQvtnZNxnHpZ1rrMJv0LJhs5nUjBbZQ1tFZJjWTywnd7RdcqqaIM31Z3c6eAT
dTr6hNfqWzh00CwDW9CAf1PXYZ3e7sE2ObSWxrj9t8k=,k7DdFMmHkplzQIDKb3e0AaZmkwN34pdYHGXuT76UKHM=,9gJDQFhSH3qfZTr8qdb7GCWDwcRhBtr4ZrxYZXgxAJg=,3/te5lnHYM5pIt8auTfBftgoHfgoBGVay+N7wy5aWa4zcin9CdW2zkfmzlM8aIUl
QggKVxbGrJASEXIasFot5/hEAzARjOV9ulQcD1yH438=,72u+NaG83pEl8ubjJHBD7G+uEQKscS92+vnhs5TfATo=,BSHwvYVwZ4EYub+QszGo3hv0FGQfuUMql9BsznC7D+w=,XdwUpbzTHPg6jlfFSs9NjGBkQshmFFx6eamyzOxctj0=
uR4ymz6kr08ruHUbgb+RYU9tkuhTdzcUuo6InpVbK7U=,mXPv3+iWanhtMEqxoux+F2OuukuiOsJi+3KQHsiQYXU=,IPGZJPCHtQw+aeGbgfPxObLwZOcFddSzab9BvA5DOHI=,Dy+GBk3hK3C3It2CWXtJpa7ZvVoGYQ96kzF2fZXjAMI=
9uHQEUrxklKQEu3b62V9Nvgn7x7GUaqsZLS5EqEEM84=,ENtKcTLZ1IyQddXf2R5Nn932XfL5phaXarN7nShVnjc=,lRIRZwVP6J+WHdQTQWTlI2V1p/hXnr+3Vw9625bgWrQ=,WEfxgxSueh74SIgSv0tXmhxzzGrJ6P3vkAbDAANBC+JX7nsy+31g20H+LQjK1ocW
A8u6j310pEyAUyw9BVXuQuKsyT9Zeckm1bkKzF6F6c0=,vBPxpQWFgV88FdEGix7/mZm93mW1eKI2RmYv5EvuIMI=,eyrm4ZuWC7aJ4WPHwV031cLddkSlbYFzrigtmlhy/u8=,93HbAuHzH5UpX0LGEWiG6+aKIIcmHc1G9TNYEQcTlio=
s1Do6ImWiVUJbwx2HTbtqEklQD8vwP824krOWQKu66E=,vsUnCczJUMD+RMGSnUmoDmfAll1XSjxRyQNneJJv4d8=,cyz8t88sj0AS6hKXeyvA9fZtWukfShr+ZQrNj5K2/zc=,moieC9BnpBIzioUJ+XFl+AdbVMfMfz/6rNb8+uscTVc=
+EPi/EQeYAf3tLxqyhtaCFv+DDMJoJjcZ/EANUM4tdM=,nsewCc7YwFh1LhRDvnfALpg7Xg4DPAxneDbkcy2Qlkg=,PaFNnrnhMg1wfcPs3ZU8d0AILsHcRWMKx4y7ssdrBqs=,CJ2DMgnEFeTi9Vz8jfJPTEpFFW0C+7NNpSIjoEnHhicPSlFLlNXCdthvop290dk3
xwQLnEX/NCtNz2TFtlzor3/42nXdDQhGCYuBN8cMqmA=,IUpxlfAQZGct5nczGhmEXGtfRMNUEhBhfaqFNmMpqPU=,gCIWkNar7bm62syD74LClFdmIMjmVMMtCzjn+J/az7Q=,fz2Vh9+9nlL4kQWrMxFtmbAHUCN2BAMFdxVrmmU5ysc=
m6Ix6LUUbOYfmvyH0LiyodwCEHaUrCduPnU33w+G9z0=,1gPzNuSdR9IHyG5pXruVmQws6sqcjS1+gSd294hdEjM=,+xKHsqQu+8VMYXqYzL+XFOb+rkUFvXYfHhlmHD9CHE0=,/E9LZO4PnPTZ13GHIPYJzIfUXdKkgDXzBgic5i2MxWk=
nTgDBKbNpk5++YA8c5VTv8Pw4teUX3/ip+QTi4/wlvA=,Q4DUmDNkmSeE6WJKv78FuBsij0aX30dUDV31+Lwzyv0=,px1NVgTG596SY983gkh8TjuwWtQAXCgDGEpRy22lILM=,zsWFNPNNz/60/pkCTkBZCwBnc9oc0MHj2RpZa0a9pZQ0rJ/EwuRylbUUzLYwfYFt
Q0qnBmXtG8h77kaa1fiQ6GZS4GfOu4SoDSib1YsyJrM=,di50nERoGfCkhhP6039NqrnNa49oqQ39ufDlLjFo2rQ=,e2PnXP54yC20kyGdqNy25McYEC6POZ2EuD0d8F1lB8o=,XWR/M8KbiB3FXe0yzXcKgat03JzjOxNJ/guOSjRp5ss=
63fUFxavgHXmtcsjo7nf0l2vyWZ/WzPsR2qN76Qj42s=,RQiuMWYN5OoKXCYB6/Da/+KJLzbdI4/H+LxLWqDIMdI=,gXIkDTztJPxqHKv7EILSXxktSgyK9iltAZFZdllQhDc=,NtYNUjkZqO61xXD96ZWzFj+9UiTcM2iAY3CGCPcvakc=
k/riJe/iKljM4nSb87evuHySBbTbrEFW1MGbQaZrWbY=,mbOuKbyPPc2KmUNn37uXq5qxd66AriFPgDPK0Hpkaso=,64EJVE2jpgchC77oyqWWMq/jGo1CQbl9ZQYB0ZeHy/M=,7CJkNs2fN5SooebIYWptKaLELBxt9pMed8EFISOAqPYADM8cFX4wvq5MYwAORFwQ
TDxP6+4+RUw58pszpo9oV0hauW/sEJ8H4yLJj65v3vI=,c+3/RXclud1irt4/NHKI6AbHveOLZxB0Ve17Hox7Em4=,f2t4yUKka3uLAxzmteG2k4Hh1hpiCYNzSxH1LlUuCk4=,OrIVU5Eiud8+VTiPbOD/mDgY6osNM78em+vKGv3RSto=
