hnR2mcSzDuEoOBM8TWUdqF3yVTJXwLoE0jqSsvfbUd0=,zteY3NIAWo/98Q5ktromPqtxwJHGWNnorL4z38vekJo=,3yl69RaK08Zq74Fy3tXkeDnPWdcUEp17Lwg8wcg39oI=
kj+NXTKXluwrsGUMC9iyjTwXqFKlkZTwxbY5eJVSrhU=,o2E2LXYSRY1igz3l5q+Kv/KhNmwj3aH1mUxLqMDMxMY=,QjBK5BoJ0zzVdyZR/d+WAETBWSn0515UndOF0vYPJvA=,PnUHHVVdIEDIzvTlKI6wLglnaeLFB2R7NwRd6pqSDoo=
oqbzZbJh5RXbwz6dxSZfhZfCG55ZEMnIeAxzQmr9KXw=,YmubKYNF0qRYz0a84qb9J8NbR9AAq9yHvMM5V00/eAM=,GN/x4Madml+oBuo9xyoTte49rSvPN2oO65W+bU3+vWw=,Jxzxn+9FyVR/fpVCg1cCfk6G1IEWJubbVqkmZGtZBb1h1ZUOa8WWT5ETW7k6yPohTWDDI8An//AqH/aB9R4o/Q==
mybsUIU3tVsHzL3Dak6/7/IViZR4BVTbcGLf1WF+Ehs=,h7ACVX1zAk7M5gxKuyjhU/UeEGac9ney8V7Bgb8Q9T4=,62eqcEwkS5tiSYEQp1GlJOLZh18zR3A3ObT3D/UYg1Q=,R/1y6GAIs12D8XYbd7IUmLG4e/dOxCKHIEWDJmgt+KI=
nBjSsOGN53WjFJ/1mgK2VxKxU+l2pplbZJQBiL0EPio=,JChl7hRnvII6LaHudZHVFQHVdkKe9gnayGQzHmVlv1I=,B6ysqQRDqyR2ojZLzpd/zunfu9XvZgSVs6svehsVy8s=,4oP26lj7DdiEqnn6m9xB7joV/oCFh9BIldajI30S/us=
P4LafMN0TrWQ84dwZpw1p3krQe3yreelUj3MO06V7+k=,AU3K2rGbt3XBLz+J9xE+Fs+YgflUyQX1hC+8Q0kOOc4=,+ADQJGpeXcUzyOksDH5fk0jG7nhgZdbrtmVPW/yMBhw=,mRUIZcdJgbzMZAJPnIuqleQbkZ+eICRpAk5/yTFHEg4=
Il1BDiXOic6ONJKytvkhS4pfOiOBULGw3PrOwEtVuas=,5vi47NqMDPb88FCgsVLELfervYcmHMDXTo3BSMt+DCk=,p+tUnPanwpWO3XOQBkFGBZuwu32Eu4LOtAhgJlkfe9E=,lW4O0XQAtFbXp4kDSIl0Nd1opKEru+MjT5dg6fr1+eU=
7mn6/2C2kBHGLMlbRrw9BN5CdbMHYO3y6OTE/EdG6WY=,IRm8evuXDrg+ittWAtTOEp59H32+h4W7PVBsGCMF0kk=,DnC8y6ttO7AVrUMODazg8KR88EuBIV5rzAj86doE/i4=,6viLSfZxtYANLT3dMrxN/QoX9jspLCARR0Gix88Kel53PgYhTojpPgjMZiOK5WxpsCb/nGJDowZselYr3HTwNQ==
WliFb6puqOoWA8XIbNLBAUD/A73NeWD3EiMNTzCpxVI=,G8+G9eM1VWpCEI1RPLkrWrHTNxp4u0SCA2GNPvbWRlA=,mMl9Y0niG9+rhKPQnrpYg04Pzv4j/5dn5pQtHQxDInU=,1KY9s895l6I+vS73QneKlc5psOd1muIhRQq3f3ElcqOhGPn+Q0mOu+D5iKE0ZN3/sUlNjbWdlc9uqmW7y2gkxg==
nUkGLRpDXbeOyL+ite/sUSpYARDoOeVY1u/TkIBWIDM=,ISWtucMk656BDuMRI0zXW4wYp4ChWOJaIo3SKl0DGo0=,XZghD+hGL2dgj8r8ZU6/x0hQjaf0ENdfGxX6x3aVR6s=,Sh+4U0Tm+9nJzfiVe/9fTpUM/xopbbsPT8OjoLcjpDs=
3s5mln4F92qp6n0Tw2MBteQuWWDTYyZBGVHG8n2w5Nc=,5IM7yRO8AeiI5/tzB83wgVae5lcQbTLHw10tNOIrcwg=,1WwQPY/2355RcETnFQN8ki90iVvHyqXRU7PGIu0wf0c=,6JpmVoRzhgSFgkUQxYeX0Mm7V/s6XQ5R9LGI81QoYn0=
eMn7L3PUEXPcusZdC+bn17t8e4M8lZAwKR5YeSghz8E=,NJ60dNokL2jpOh5GCSi1x97G6ZkiqcsmzlHuSPEZtyA=,de21F+SDOuEzcWayBYelBDNHm3liCcWS2DeApMDtUHw=,LqRw211BSI1PZads4Igu61HMVetPKhWID4cB3dYySHBAQsFR/wf8rt43gdX6c09RmGV8OPloPbY9NT/qKnLqBA==
+OhtHZupJ4RnS4g+dm6PRL0q1G0FHMq94yeTRP7yJyo=,OYhF90pTutm6t/85e0gHabovry8PY2tA+EXN1pHEcpo=,+FyMWZrCqa4nWvC/QSRDP0twFGYB3G8IIBQ99LKrgtU=,OQDf9UFXJwNpLA7jx9LljE3yq0WH2aszXi3XzBwe8bViYBnoyU1pETjTDNmd2CsxzdsroOIkcc4ZJpJHepFQow==
kzl7VNBqZ8Os/nx1V2gNpy07drNFvSo0BsA1UUPaEK8=,AuhdA8HLebDGazS74hhij7ibbyXYNFgh/yCu5MGOx8s=,hjv4IQZ+w6vtpikE3UAfR4K+hOyl9FEqUPSONXhdgXA=,Qy8Mm9xVKTRNDcr/zLapEBCxsS14M+oKzz+gEV2lhgA=
aqV7/xPbrewXn/6k6vcHDkxzZXvq70T3ZWLP8BBD2ng=,ko31RG0DgabYxlJUzK5FlH4sTgDXdtJf8qwbawdbgGY=,QANw4OKTojdCjXV4ifC8iqw60aMffVvliZ9kkNS8m1Y=,7XPC7VQzj31Y83O6hrnKmOrGdBPfQr1qGE+CiZ/5LtY=
sZ1eYueYLHyi3ty+/Q6FSaymS75Qoj35BBYHqdnGL4I=,k3GndovZbqmb24MkoaE2zuvC23+flloRDYeutTCYSc0=,Xj9Y7ObapnnJPwaDaUekTxPkKmZr7D6dyIf1oImAPP0=,RyYEv9PYohgcl9t0OrWW1+CBumErq6ZR2kwlQRg+50JVS3cEF+2eZCdcCjRP4vssa7GX2zE9BtId1WcEe8B6vw==
UDZNliRteTFZX3gxeu+mFjaZusyE5o02J2dlNiIUGRo=,ZsJwCSqmW6ZRMKY6KYL8QHSuuJiXHOgTdUI1qK8jRTY=,hYSendAQhrVcmvZtwELIBIoaG1O8MjyEbsVw5zEtanw=,0iF4bEvjJvMAJRBXgPoENbCd9IA5cdbLvtBXFA7TmAa6mveH4QKz4pWFotlvRQfONVk2dISs22TT/CfAUViW9Q==
BhXe9QmTmzafEXXAmfxT41DA8ifVBUOhpSAewl5ESFQ=,kzvjLqI5RCvAxIBETnl4hKARdJJ8xYKq57e3MZ5uEEU=,ywcjMwjyQwq+DZZ75mIYqXo5b9PQBR5nDWVRFH9FLs4=,Wr/VxuIzennbrINoPQsO5lA7SuUHbmrKHt2WD9IjMEM=
5+cGl/Z1Ygch9w7boz6dCtv7kms3R8C0NqxCOyt7/EE=,EQnWMKwSrRuUcVZoCl1zo8W3gMIW2+6q6MhD9M3chHE=,sNMZkxRt/izh/L3zN811arM5gQHCS+CeLjIvWuCUeYs=,qaeV8Mzn25K4fZ1ZbAIAhHV+XbklfDLXp4K2mOYN0ms=
+LxCarJDae2OIZLn5u7X6Vyr52ughbE3FWAgv6pxqo4=,LAA3vp+jqfTCUJBE0A5kO05MSIdkv9hqTKmyp1c1kG4=,CHzQ9fdCCjXeC72RnnH1+RS6U0qdw3fejqwitg+S0ac=,JXgbSl4P1EAzRjX5G8q8/77j+9tsIJGg5soo1v9c66E=
yX+KG7LSdp1FyAqBbNRcO/uugzccr3EQtdtxqQDgyOE=,+tkRrm8x82p+RkyDNVSD9tvBsu+6lqtwV2O47LsRS0A=,DoUmxossD0K9mXWIro5iQkvzqt5/LHSZFeOYkS30yyo=,wCz+VftYj5iXY7Vr7sUSMc+9zbje4iJcD/V48ERHprY=
LTf2NqqAbBnvco0GWU1yTh/h7jMIWDzwRBeC5BLoLCU=,mMQG+vz0AYyafVPUxTZaVhRGwLGkcOFgQ5J3aqc7RwU=,kL2pvzBS98cT9zmZesOw2b1jNKqY1xK3VlSwNp+aAeg=,fN/Th8NnNK9GCRyuTXJEuwp+9Dap23lUn3QrNBBrc4M=
R3lZuHFM7V+G7g4F8xUn0c8xd7FXoxanX3quuyJAiYk=,WCA1cq5cxA8xIPeLDQPbvHE6Z7Wrt18e60hlRpYSsj4=,fLA7twGu/VGP7hzlatdbjTuKey0rpTR5Och9b4I5fZg=,jA2rY//jAhJ54Gd9GsjZE6jiOwdk7N7PhfxOeRIFdXI=
YBsaLSaVb5+quX4qlVOi13WSR+A/wzL+5Z8F7RX2764=,df05swXTXwif8tEmGvgoxrLuWCviv3d26TXpTtn6ihk=,BzrUoOgzLFSVcOPcBMoGTegnF1ckOQnm0/f9LG9/Bws=,nuiEyb1SZWSutuBEN5o05y+0vXzWq5NihmkwdNVu3OY=
hH6FAbqw0qUHHsFEGEs7B7GZj6QUOfudfF2nCaHoE7M=,R+acC6DcFiqQq56s5Io3hG7gLkWOt1/k/28fH/bT3Tc=,LkowGgPsYSf+J/YL1QjBQUU2wckqJEeemlwJiLiS090=,jQkV6fqL2xW7teIgFJCYjzak+P4r0zGaB9e8XgFQ/wU=
kHG/L9IMy4IwTPCajy9+cCHf5W2OQDPwHUqYcR6fkBE=,0fLymaeNIkI/J1i6zcK6Xh08nJF/xYir1XMDR9Fax4w=,TxiagHofjXkggi13XqNldvN4bNgX9M0WZpRnYDV7Uu8=,3/jgy9rWuCazgsqNxR3IP4PToTkXAiWqM7Exf+l3X/A=
5Y/qhu2ulQe8zdnAn6YYGMkXzAX3lFOmQX0Kwtr3nzY=,g/XgINue6/ESEFtDWQB43t+X8vzHbwHTafiEHKemwgM=,OvTFa3ZAx9gN+T5QCLxo+PRkqheq+R5zf9OZg/kPgIE=,9ZEflu4OcHio7ORS1Qmozh80uQhQyWyak/NRi20IQWM=
Q/6yWjmmEsIVhytSYIaJ8H/DZ+70R8+IfXpMcK+ihf8=,PIsfbPY9+oI4culFpE0x51ulXNmL9wuFOQLia9yB0GA=,WB+jBBY+MV/XkSuCocLkhz1WkbC5DG8CSoKxFiLze5Y=,PHr0wvVoh7Mgy9CjeA2u4sqrUl28Cm/6jI9fSM2nL7Q=
21OgelTE5gG28gFq2YurJ8WvZGLiXroTJP7B27g66s8=,z2CV/wIKEHDaFHT0Vk/YmfRoGyWvcV7KCJCUZ28MC9s=,s8bHPccneTECXWQZpuRBZqfjtYOtTHLr8+8jq1CHFpo=,JtjLLxxKm0XDwZcIBg7ZA+YSgIF9rNdEv36PLH2I6KU=
ibNlAkfJPCRStbRQeblRzzkqgexIE96G46PUADwJJyk=,e+e6ZfTfW5M9710fgjE4wROaw2bU7rb51AQBN6VaG14=,kZu3MNp3OMHFejh2M5xbbaf52nvof2FHHE6QfzNZRms=,L8h0X/1kGm18pE8c/Ax015sI277oF3SHIKl9j9vYqJ4=
tJg8DhRbrq8/69JsVP9JEvSS0vwHGpDgFgFE81yrQqo=,Z+y/+a0Jn8FHQpokdgd6h1DH/u59+XloIr8uP2na1Ww=,savXwm7mfhMDxYA99kKKTAwNnMnFCRtbxxyuP7ZjyNE=,2yu45m4ojVaS74rzomiuA+qeiqzUi5C0rZS/t8xP8KY=
NNKTsG2MyJXDA/HDEIVZbmxLBS3cciD0jFb5WqCC2qE=,CxJuEjzO/Y2hyq4/Zk0tjxtL+C4Ux4t3bb7QiSqvMNo=,y7u3WAuDPdRBKSdyQE5me/jTShyD5hZL3apZW4OnojI=,00+JSHhVTqM9TIE6DX6PVtXxPbydh0py1UY9nMiuT1w=
XQ9G2mfYDlFxzwI1+I58SV39B6LEK8JYt5wgX61IBLA=,xexSWNHUQRU4gNDXG0qYH9ZjlQLLluMNTfyzZyLqaLY=,yDJp74FjbBPvxA/W9voRpd6EWu/zdkke2C1E/znIgNw=,DUpqWKuMaFZQ9xaj+Hzga4I8SG2mRcntN9sxoQsACaM=
1UX9LaAf6ILifDaWuUda2ThGUd0r6rzC6srrq/izynw=,oNNkIcUlKunIdSbVCWqD8u9z72xFL76fKe2QOh8ogZg=,/QVc2IDsmfoBsPF95SA5l4RgfaQok+A/hj6QSYtdBEI=,UTI9fQ+oo/rIsUTGN+VT5pDzHGTt/Q1xF+v9NNBVhNc=
/PibfDyTc98nsmY6G0u89Z5dlKWRCjXX8QzN6qEpRM8=,dSPTFPjryOJuqTpN6xwEic0w0Q58/2ypOsAxFTzTKxs=,ZucfzxfadVizV23ndR7r/PnCpTid7WpceSXf23EcB/s=,iBJh+9ZSf273v/cm/OXhY9iC85fFOcUxFhZczrL2BUI=
TlBzVUP8AzZvoCLiFbbtsHuUSvZadiTsf+fqtOjYOjo=,UTQG+JyPxekKH/5CJr3ldkB25XqZGaJVgXY5d7DoZ3o=,YzE7HH6R8zbMGxyztrfHvPZm2qWmeW3+bG1PhZ2KVyE=,9J6/1UrB7Eru0cN3ftP3XIob58HnbwSYfSfd7B4/ZEA=
ozwiQR/6ldnTs0hP0zo5XyW3A4jAH3xUrT5sT+CtQqk=,0pTy1Bs5mz3E1UmtQFPwVRGhurh69ZoHTZKNhCp5AlU=,9IlFsYZVJtL+LiGkjP8Mrk9qo6rFVTyJ1XyzRmTmKKI=,EVvWv0W83ZXU/QO5sMuc+Kj8QmvBSNdoT27CuhgQEdY=
OjIa+CKSFqZsSrAEFWbOPgvKJLEmRlgJDur6YGnUaB8=,znJoB05QOLKkQmEjGnTmEF0gADj88VpJpWqG2JvRx2A=,MB9kn8nxbhQQ5TdXd56uy6m55GwfNEWtnmtfR87LRd8=,XWycwhOKNH/SqQb6k/NQIMmSZ3afFA48yLLdBQhI3ZE=
Tf1Enzzbc8HQfqaa3KjYYSB1YvN+jmpPxoscwmKlUrA=,GfBMAtoRl4aTAui6uFRMOhrSErk6s9t6ySFxhysjI/E=,VuRKcgb5IedKWwNowx/Ghgqqaf0WUdoRL7B/FPqbPAI=,fznj1uWQ6kYDu7zSHgCCLKu8e9WyUJAFh5Pgaprasa4=
2OxhO8hGZW1kQOHcetQHH8EfIhnIetCDI7q/o/v8Og4=,39HuxON8+kcUOXySFC10DOrK2FgNmvklX9i99uFAnao=,XQnBW7JSw4eWDyZk6qxYrQN4kP1sGN28ogvSSk8TAH0=,JTfsmoNEC746cpgrJk+TZzcsVhLcr/aUSpaVnTaLeRg=
G0J6MoAJulz92ciSD2aUBry0B7ZDqq5Oeu/kyKf/daE=,iAmox5LXSsEI6g5ShlKB2duag4F5AV6WDOnpkkNt5iU=,3+G7+K2Zr8+Xm6B4n52pYe2nbs+a+G15Om5qESli3aM=,3BUtPjHNHgR1KqEF8Pd9wFKVV+XElBcb+WCHHaZ91Ak=
MZ938KHyoY7fb47OfUE+wNTCWRcY8A5thDObbP5AyII=,r0wiwEEf4Fc/t7TZ8akL46WBcWTnPD509cS6m+dfsBk=,1w4+0P8zKD2/4xBBKfAvPBAQb6GsRcr19WCrzekF0Zw=,q/yz+J3klM0W2z7qUOZ1VkiBgfkqGqjLT7yBsGoHrPU=
6LHIH7v2iNM7pqvr0RSvGKSCbHnmNqyfboI0OqdI2T4=,anq2SSd8mznbFcc73oFD44zQaZWSneHwUqZCFOSy6c4=,MObat9GuwSGmRjZwnrO3HkdIr1NKzjJN34SE2J3CEJ4=,ZwYmj3PQ1Jp4b9tqVuH+5A7de22+HC5/KKh2MQBbE7I=
Hi+fFqw+1rmxbLZDS2IZ4ySvI683+IuqmuLUp+DBd90=,ay6S7EDm5hlnvfNacw1Lofo+Nfg8zh9tLf6QtMb4TeU=,7cysvDti1q2vnuq5nCwvzZ1UiCObPIw3781wQE4sUMA=,VUQhQsAvsSt9OV/Wmf2nuoIuSVgPzOLJ5YcG2cohoOM=
XBkjuHAVdEpN7q9/31R8bqvdxPK6MomkQXUBldZWKws=,0cgDEdBo2ero9xoHZuvQZ7oSfWtoYP8z9zbO8a80N+Q=,uADgqVDWKl4FLByOeKQcQyUgFWUFX+W4o+txOO6g1g0=,VpKTAMkpSKZsLeXzwNT8iBSRzMo5WycxdM5UFnAxhks=
nW0F65L8sVV/bHXaPWfFl1tar/SDFfkJcAhP7BUWrqo=,pW3Hhs2y3Dh8Wb88Aw+ZGLXOmoBiv4OGFeoA0PsfHNI=,Hkadfp2iW0Pvi8BZPd4r3ECioka0PZ0LAFBaxxcDOaQ=,jS452+Uu822CIvidiM2VzDSnYr7+zDJkUaR6t+5v3B4=
rbrYITzWsE/Yian8KhUe37/x7YfqGLfNT/h1uqJozs4=,ilwZnVD2Hlv5+dr3A0HQ3q/RsAEGjMcGMbrHmO87fXU=,/RlasY23a5PiLmaqPsn6AL+w4fKAGbAS3uSxbC5avb8=,eshAqxmhZYxgeeMrH1verex32LyhSPvedVgl++A+mpA=
r3+gMKp5VtFSAgFXmH1xH9m/pJFZgGwVjCA6GrnK7Dc=,ojR/e9X+V0MH7kiV4NKJLw2+zTFyGdqLHe28tKGm8/A=,8Tosjy4iOGSL7ZM9bTHhXafI7MuoOiu08xtGaNntnAo=,s2UoF3n3HeEBWNOTENSbzcqOTwis+lyf3eSR0xRCyhw=
a/pShJ65JI6fshq5E2oCXzz0TNqTi//uZVYVEGNSHNk=,vzyMCVwRwLex+oUFciutVX3HsPzs8qmTeX/L7BT8Hs4=,T3lonW9G0T4OfuPdk/GkIfDYWop9CzzP7FX67guXc3A=,HHPKPThDunyEybwttq/e8laabfY4i9WB6d2sIlMkQVE=
VHjjOU7s6/nAX+BDBbSxetV9msY6pD2KM6F5yUpes+8=,oyenlcG7PfY3TtsMn9tKE4M8viyob35HFF2OTAsEi7E=,jxp8TM0+Pp3VwGTXeeseWPzJ/X9dT35W9NsH5KujXK4=,glN9NRdzc6H04EtjIIBTWMKkRuR9Z7FRLySpSPoAB+U=
Doj83aQSBGucWxcWf7logWDHVFM4RSIU27dBIgDY/ZA=,lz8yx7iQHLhiv2I5wCAs0+ZdiBwZLhUPUdZvFD6cwz4=,R0Vd8k+6r1zZWGAtGfLqa2L9S+LTpz13j4+UYvK9qQ0=,bIWnw66JWnpxqwvCv3PmEv+4Jqi9numHyh5jefQVC3k=
y9KHetP/AmzEv8LqVWOhPrFhkGMCYdptUfllnrKrc70=,zDs8dj3nqoJpFT7sQNrBGQBjo5nwMDZ86jnUN3RTWis=,JM8YUJJuSJLkwKTl7yrw/oNUMhLTxX4g9COxbM6z7MU=,Tfe6RC7LTZXShzW5yhmwH7M5AmyN9BQdJ6vGPetuJgo=
Wd6IxQIWAR1b+SgMiJ6i+qirTQf4j1yAXSVIj+xUnbs=,2rfrLczFl5N2TPWVgkmZUsFEbYjDiKDimdzQ/Gb0PzY=,fklqtD2KIo8CuQ8ADiHzmY1s7TUOaHiw3/TjQPv7g5M=,OWi6FtjxFUEHX0lO5aOwXYMfp8VscfF4kx1fQ46ivoc=
lRhTtPy9xb81ueaWlLTmvhsWKwsYiBxz68cOf6tzcQk=,fs9wUUkAqLImFjjby2DDp21Wod0zfgng3CqEgNy+D6g=,YgmReoYS6N8mnuhn3dUgJzGftGxoHAVLlTKDzJAti78=,AI8Ih8Fj0w7k3ln7teTQm3YaTps69WUtn+yjuJeeNZI=
o5zotLX5cHL/DZLJHydNG0oIhIiO6irEOCqODhIrBvQ=,VZSQAJQaChUBeIo3Ydgwkgxe2Y0K03U3s85ynrZMc7U=,iMOYeDmd45f106dIpLH1IfyHYDzE9xoJoIfpIIkYGTQ=,MQlFYWXJNnyYG1ECpy0hGbQHqroDSWY5G8dxAXTi7Ec=
NsooW3I2NM9Hu0edz9LCQumw0CbzTeRVksdkfcNGndQ=,3I1oUhGpr81lPZu3nouBGtlLfgVPSyBX8GdmTVV9PvM=,trmtB7EdRDl6527aDC3IMufBAvdsATXsQJPQwfMtUc4=,JegJvn07W265xeUXtgv/s09ZEEN13KMyyef8l/mBMQs=
KmqdXq04fkOEHk3BE1HJ4KCSMsW0fcKvGRMlwa4pKS8=,stb1ZDXQj+x/zPAej2WXo9h/os8mZP1BbikOIR7ODjc=,rkWakIaP5PssmvRjBqxdUktxXy4itPt4+w8MDAMihHY=,fpluSvpLZfUX/6LONywvVUIknzj55mILWoN94NHVnAk=
ny48HuX1PyEaGczjgPsj7mE+eHNACPSZ7QKDyZmQSnY=,OygNEVPWVpzZ0mNWywIU3nlgPzF6K/ZrubuibpZYbN8=,uHlaRyVoorMcwb6DiIfqPGllD7xOLVOvZ/865YK+9SY=,cDdjV8T3jTFCGVq/LtroZ5e6kIlZluzceix1THM5IuE=
7oldySWSvzjbaOpBtu2zpmUMBqW74iqu6G+raa9bg4Q=,yTNxMR4YZgmEAQS19xFfgnzHtnRzRjmEwDRitxu+3eA=,ja9j9QM6ulejSuGjD0bpAZEKW8ABocDwt6FHDQm8SaY=,XXLuWsU+r+eejToPSJ/632vek8b7CEsK5N6MTvFUJtI=
0axA5TzNPIXf+XQ4AehvByI9QtPPpWa57qTm5Oe22bU=,i11uC/v8qcQfuo9WgzT75pSUjEdqaOu3fPbYQT/s1tA=,P8DtnVMEZgmRtzb5nze91DfFPQwgsj76r9OtRrfKLrk=,fC88pKuQk6M3Uj0NM2XTPZca7hOix7DXYA45U0B8AJk=
bHEHL4lJWXiOcWuDKXUn7aDB3WBzjualorJW2ZTLPP8=,sIFkxedDMrjP/BfO3TmiZOpVr4Eae53rBIfJGksDuS4=,RmP4VIrXDH05NTtKI9db5GehcxyCg58rGYHg8tqEXq0=,m2FZavJyfWn35dlw9FvyQ1RMLdvVjfOcs3vAPq8/4yY=
ZEEdz7AEkJ+EGAGl3b6/V6zNKAY2Xnim3wfYJGHZtu4=,d7Mp2LS2EQDtXIvZXe1SaHLdYW4wZFs0oA9jXKoQjO4=,1gHjKADJwKxptiebbQCp6T31jExhaYEu5VW43o7OfC4=,2aAozugGn/IiPo49zUNbRtpt+8c3DLTGO2XkN3I41MM=
4s9PkVaRV5aB/rHal86qch1kLhCGsWt6LoRWXOUJK4c=,TgdifHLj/lGfQnXeAeatO8042+2O21D6eXSWxjHhvr4=,P1tfKkK//sUqAS13BOaewIs0hd04oF9mAIf4Z6dNNmk=,GV93ErcaJE1iOWKtj/CN4FEY1+s3Yddp5TNkT/mF264=
2R8ldxjJhtwu/RI3bGgfily6LXymT7wllbMg+JFEgi0=,z+MHxRHSWPAIddt62/dLDr9wnw6ZicpGYZ4Y8tQxhRI=,Zqb1+5812dSB2hqyiQQrbvFS64t7q94PLkg2S9wTq3w=,eQDsneW1smREgElRHWDPoz76ZEbaiYx5Jyd0xfe3CO8=
//J1A6JoNNYpUD0z7oTjLGNWQ1KtdpGYDPBaG+7ThzA=,z4uztIlN14AkpTBqltUpOZ/KH/0EYTbv9JMcQ+piQ9w=,g/gPMnRhLfUuZ0eiH2G7JVKLwtwSsvBcQ4tPEEQjt/k=,h5dvMPeJordrFx5UIh7gKpJ/+K6nfjyp1Uau4pzWQp8=
NrQKoknPuZZPCfcFhxpzXzBMMgDDpLidtXpar7TLHqk=,YtA3lQqqU8diMPLosUQ4osEg+vzndyMhA+Df3CwE0Ns=,w71oMDLlBgJxb2nvy55s50LQVy6FrJsktaIt97P/nhg=,h/J+nYddECVTL29j7gXTTO04joigYr78tM0jBHO+8Fc=
aRZht0rIOzAGICmY9Fin3zdFLWD/FHlFsqSJz2ZXUj8=,hW75lhBETxZvkI/DmaY1LHkFhiLqt0C7DWkwaRT/zAQ=,qAWaePWY5Wwq7/0riUP8cCX1mmFunM7VxiGnR1vGmtU=,K58Iy3ul20YjV4vO9e7I2eWEM06BKg4V4VB5BydTQfc=
yyEPNowNJ5aEABvyvXXO1r4gohtl+pC0NRKCSMpN43U=,wKJ1D3JL6LaTK23pPGWmWs+EZpQICg2pgoUDMXBbBhE=,SXQaBP06SMh/1MuvXEyAObZKEz/qkPyiXRWcKpTgm8o=,yDiR30oKfwnQfEYTJop1Iy4Am4YM0JktvsGejf2iwD4=
0rbnrXTNmmffhR7AuqpyQM5LFqWj/DNYDvOb8phVAYM=,HlNmwLuxrg+MaM5jaW5y1RhTVQ4Ayv5FPjl2g4L1EZo=,fwNvwgY8GoHCUBiRCwdkE1WZJosX1EQAwVjQlLey44I=,XJ7I7JDuGOXCCJKRmSzk/wqZ+tXWeXwDzskHH08TGmE=
qKHdE2uTw17I6B6q0zXlGgEXO5jrNBAIAgdMxtoGbLY=,w3rMZMMMVNlO65r5RjHcavkKObUKgFXeCDV0N7Cpv4k=,KNCUg0v3HokFjToQF4BlAt461wS5KRs+gaQxV32VPgs=,kQVpov5eLWZCGmPKQhADUy+Vu79St2VvybXQ8m97wpc=
uNUlhv2h28+eqwOfOYHxiIVTfvVqtNqrx1eZ9A1VpQI=,inxJm5naTZ67FbXjRqS2osvhWU6buqG8SewysZXAlSI=,1+0l+0RrAnb4LyqpP0opzAsGxSOjFU8x0+3hQHKYokY=,LClcajpSRRyUyVbffCE29Jzs/fPiL3cFQGHtLGjbJ/c=
/8pgb6CYHtDYo7dtO5jcGfWRMwkF24HGn93yc6RhIzc=,Ozq0wlEdxcgLVOQ3MO19uI59K5IwWmlEjvFJnSDqtCI=,bpP69lI1HlgKKBEx/zhhrdv4chyw6xNacyUp9VAvyvE=,eB18EzBHqRkQdhl0smVY1Y/49AEyEjMs0ejoXbiDGwA=
EFmkMQAhDln6XdGLiDplqxirlq05NTWtPjZQTWur8Ds=,o49Ycfm3kILgKYT9wJ57wJ7fGW9K12POpXdAft1B5Fs=,Aboo94W4JI8AbFMHzxgo8Mp3J9ExqbUBJWmDzRa2nhc=,W1YRGZ8baHGYlOW5fo7pzfjfI32Q0GjcxuLGmgBHCH0=
3XU/Gutumgq8NUGoQiKYM0Cvyftw+AQuRUJdicGMZL8=,SKUnriTzRbX+xsdlBiaLVRvXv2WUN3+wGA/MVBiP63k=,EGE39DUDKZHX8AfbITxHn+owGl/f+/QqCdWNJTD0pn0=,oUE9bMI91y5AE3XFLcpX/wBTo3xbjD9n2xPLsA7M5DI=
zTmss0EJcQHqoVPlnj/jeS1UiW/dInJ2IeciIUEfCVA=,MRWYSqTwcUCMU0738fBqttbUY6+XVbF06SLy1LvH3AI=,1dnC6TtzxcADT2zYBbcvl3Gjc+JiAqRBsCZoB9jq2+A=,mAZCDcDCSPS5sSQsdB8VtZkPj/KgQ2Ag/Y7jWkeMnPHRZOpAp8QyJMq4k70nkyFH
HLxFpo2QmQnAXZJGMuT+eM8YN+17WKooJiDTEzsiX6Y=,5aLS9V9TlEP5KxELpHMYg2mFKjbTWJTwDFQAE7ord+o=,pVSgB2g8HABkmz3gVVa57bm9oxM70lH/LOQ9+25ETB4=,YpeLe1dt9G6JnBCAxJW6rVHV29pBde/Bpq4lrZF68qyu2aazSuDzqK5fK4dZ4Ugp
VBk70lP9vEpoJVCjBLA4ycbVCvg7hMAbhLu62kv7LGA=,761sQlcekXw0SNvoUEO+cK1IZzJXljGsOG/WjwWz3iY=,lnaTz5MQchV8hRssKgWg5r6zitAR2VaSwWluRL+aMWU=,EKhh39vERU52dxSq1Yqrrb9umkbXtTbJm7IuvupZey02QWpg8uYLIBFeMg//bvhd
k8s4zPJvRpQD8qqoO22z1Cr1f7vF0mnb9lco3OyJK9k=,/yzL8jvWNh4hWMEuTwEZPbH839jxIGygYK9WCewrKXY=,GPxWX90nryRzOJw7x7oxhFK4YLSpKJSp//P4KOa3qQY=,lz5AEmKiyzvffd+mrHS/3KisdRxA/TIKddkdfOx9Czs=
7UoDjwrdpZ5ODJFr+//RYxbIZToUyetgcFxJrQiqp7M=,AsKu+AO6QKLp1Pbv7wj9cxqd8JywkVNaAOAZ1any7Gs=,YRpoKg2QtgV3ur3OoIsy6Wc1YPb5eIuJTR4eE9pRGoc=,a/NTW2KFgmxvsKrN2QwDnS4Q6nSei/hJ2PlP6zYd1iM=
rw7jX7TOgpAW5oCZ05MM5w9r3zRoZqEwQSDLRi923Rg=,9LcXEv4viXSAfVsh5OMzZFX0rYX/L0nKqQptCp2YSe4=,O4ZHSPuz78XG47PKd+5v+HlAWxxg5hIgdIOiu4KA3WU=,8EtY0lkGIf9/zYLt6lQ/fSMJhjru6+NFfFOlk9CZxDFbshYim+rKep6705iW32za
vPqYwOU9mS6U45znkm3O9pU4lu0b39m4S/SG2mbADyg=,Xa1px5DaHhROoqbQgaYBJQO7Stuwm2eT0cXLMH4JC1Q=,vl4P5iayoLUEopmGd0gxo1/Xpn8rmoVuQdwCJ/2Fo40=,sy67ps31GNPmVEzSEtCd55fOBdFic8F0VU58T3ToLZM=
O94ujie/XhXcDzuHUDmwJO/vFGVU8/Ruc8KUBToWKC8=,8mgaCtZoi1TRgcIAogH/9weeoYJjPuGXDpqV/eyS3js=,O9u1OoZwM5ZqajmfHMEQls7OVH6hEyAlK89TiUjNQlA=,KH7wvVD+hk2bcpbs+/rQE9fZsrmY4zGC2RqnevzbCqI=
SbJW29f3yqCNhyTCB32OPdV6FbCkU9CknW3neIm+wI8=,g/d+66OT4hElxvdx2rmlkML9ZicRZCekRoBcFfU7mbg=,RxjyMVPgTM6yw8uU+QghFJj3c3RPdw9yCrfLKjT1c78=,53USXB1dfJ+zrk33hqPCB7jD8/6gzxY7hln/J8si6r5nJp6kxmf7lrCojBj1QZCA
SxDaX/8WsCho4OMh9zm7DB1R/LBr1Pn1L2w5J4xqW90=,t+ef65/2bHlv6Wdb7p4JQoUX22EvXbpq9mDOcnEvdkE=,NuqLcEOPjH2usNSvwSuaU/CkJc4oIUEkeflxBBJT7po=,RsmvXw34JUr7CrgsC1dFDlyOLQdcF/HAWDQiX/6sUH4=
1luJhairEDXCacgJR9OqZOjC4lKeKkHb+Bv/WuLYtSw=,qsB+huMSsVr9x0pe4S4Vwa5k7B4iWg2AzTtrM/kc5b4=,SWnDRUJOb6XhGL2OJTelKU2Q6Vfuau/IiZ0Y2rtFTnU=,p1njBss8ld2oxqYGPnjwkfS6D86yUaTSfLP09lIIjLU=
2OpptBIqpmMGZI8MIhKFBqlzXJjtx6hZeCpzfpaFPxY=,QbGXXv4UzQEOOt+NdntzmCiwF4NXsRK4BGZnXycPlLM=,YoWad+zzvMeBvJmSgcbbuMlqOeNsno8QJW5JeyMoJQk=,Royja/z8IqkcbgNqlwHcBPoMIUqFWR611Isj5Y/Xask=
CIU/H8Xfdf344YdkdH+Q4FnK0Yu4JUTMzZB4v3VLIm8=,P0PwbpZY+P6yCEm0wWUxwXmo8s+1zqU6Az5yfaJiscY=,KPidzMDahNexssatjaJzrlX56ueRL21bQmgOBoL6wtU=,BRmynlKEBpwEQWyb23K6/cYxImu6aJCDxeqKIV80jzw=
tTRd20tliy1dmrAB8rjULDrmttD09MmwmYtF2lwoH9o=,djiAolFe1XaN9V38JSTjdOvEvuZfP/kW74n2Gjf/yFE=,GjWfQYEK/euM2DkHocisXWLDOWMfh0dMzzPMHwD+TAU=,ZSoIkfIQ15Am1MAy76o1jmkILya5OsqtDu9+A5Cr4U0O6I4eeAG83PSw7epwj7Xy
t++JdUNcH1YjsKTgqX/nRa7kpNaxLNJ/KmyM2MA2lI4=,vUK4LAWWGlLipLLNw29FuvWwd6S3I/jThAiFCLkV9T8=,ujtOp1v7Ov/XlBngkcpAWKyaqGMq+EbYwfl0bhNyF2Y=,TGc1nAJAqiN7dXqNKw3i51JO2jmo4c0mM47UGnKWTMw=
sF9EeseqpIYWickvVn+vp9P8TTaq8oqoLd5hQE0+5/4=,OUhE1HlEQSQZp1/0S/rsCwFvNZxhKI+t2IEYKbI5sSw=,Y+fcvQVlYPTg3NVs5xLp1VfKU/I8Qqar/6dQdNyM2Ws=,EyD3fQn9mV7fYJS8Eoj7eSBlh+jVwMhwfsjCYucMoQE=
WU9lXQDga9aMZRq6byZLcC9deVkJNk9vL6HXDXpMsrI=,bKopMXiQhki36w81brQt6IX084Ua6KSuTeZhodq6eK8=,lSpZraOOHXCJvZm6+juDYdYLzhazGoFNXKnon/WrcVM=,oDkf+0lAS/c7/+1PE+GeBO4G169hQGbfs2CpJSksQsNY+ksBGy6NI9nnJ7lRXfv4
eNL36KctmcT3bERLb1HoduQxu2BsanaFQ6tAVHIPBA4=,8P6aMicjuc36z8gKne9QYjF3Pj2Mc9PjY79St/NBuXo=,l7Ce5OD87ucYrHCJFIyudb6BazR3fldVa3MpjvZXcoc=,4OdSRQVoWYo077jjbsZNG07BlTsi1y310EZNV2I0Ep8=
I8XtlGAHm5vvI/vMHTIftznAo5+jHzcZiqmlYNZDDe8=,81EQYNHCWWsF5LmmGLm3zoiEw98iRouK0qWhe5aNVTQ=,M1q2VuRQNQonXRlbjMp07tuI9XdL2o6jEEifh5GGBgs=,HouXAyy2OeXZwcRtpLAn6KgCbMiftOot1EPxPdS+PZk=
Hgv7EPncrmpOl13WnZZZxpO72BS6BDQQms9qctQYNHg=,mrWWPjTU2YHxqM8EzVek5pgWz5iU78gb+aR52qPcTUo=,C7cstIVCZSOQyygnAI3HOZ1AkdTHGgpPuze3N2I0+Pk=,1WfUOWXXkVii5kEP3k44kDthAUFrQ9aZ6U73Zoov7IOxVCL6nqXkYSj44e/SVndY
SDTh/XFtXQl4DtJ8/grUC6l7K+0J19ZH0/hBruDTxlY=,xSBtZKFZ5FNowuZyQLgRtTihTG4zGINr/GqhEhatAGM=,hYx/lZKIcu4q0X6xCAqBa/SkB5xCL33Ev61cjG+ssHw=,Zm6SA8yLBsaY7/sP5opU4vR4FKiC1+0jIgXiCn0O/2A=
FLq9XXO73dWdngug+hvzHF1bJj3SNSn/0ojy6GVrsIc=,krA0MN2F2onnOuIlTF5Rl8B0KWbHX9uCZo4P8o6Qytc=,YMcGacGCcay0JJDPUTifWECgUHKkIufbKan0rBX4O+I=,yQk0HeyC7lLidsSidiVe7uQ/rS0RPTxiE0gHNaGZgX4=
h/qhoqvklWMiqLhIQcsX4fpF/LPyJaRLHCIxbK3n4FY=,pPaAhblz8EpwFl1InF31oDGGhZpabHVZWirE5u7Fg60=,hTn+0kgWTx3HOfdeoNchUAVxmnwz59iWT8lD1r//H5U=,UNjJGLAJxoeyoq5X3McwnJl6isnWsGmK0OYqywKg3wo=
r2afh5ghOWrWjZyor2M/tNjqsEBdpKUqguciZjVM0rk=,x+pzfatFMl4IzdPsLP/DX7FzJWKrdolRW9v6qsSwI1E=,/8SdkRG4PthXk163ijXkCINQw/RIVVxDS3+Cjqq+H5Y=,RJNGb76tnttd32Z/em3JBpBRcp2L6fX7TzbCuKoSkCg=
YYBNBH/+y3RyhzKykZGvWI5KNv8+VYg3nbeJdhyZem4=,Odf09RZ7m1Q/1W5eRcm1HzLW9Hodmo/H/wDkfa/NmAY=,nlkqY+++Uwgdp/hBBJZNWWvRwT9rujBPuzFiLHBnBuw=,vPwiuXnojG7+fOOZu0G1FYFbSBchW9WUuWULEgVX931BpM6bcNY+rmyKjzRZQ0oS
AVP/sm/bOGdjgYrD9aXX7+bIsW3JJQXEoBGPal0UkEk=,F8U53X/FP9sfk4JeFJTrD9C/OZmJ+0kwAglBR8VaqRQ=,7JIFbU1wMYAi89Qaal81U5qUQ0df9jh0YYazj1u3gjk=,Cdoko38ApMGCDR0ySGYU++CQIX7JYfrsK6fklr03gsb3y2uX6AZBwfhm7O+5NYN8
RdZNt3OzuV39iEt8soXPffmhmKG+apdOru55o8gaCdc=,yNMJLNIgtzQgkDGC2M5Y9sAoekwe4B9UiunCLYtOyAk=,R2+MznHkHcwFfA8l91nLLmke2qI0wOv4xCBg6trzQN0=,r8c0MGuf9Bw4Zut/fPFwjjpV8KQKmQqgLOfTPoeVmpE=
