TA9SUlduyvRAYDKU0qhw5HenrUM6S81U6MR69ZdPjgg=,F0MwWUy+fvGw53hfwQPsghfdaTFi2Ew2Gyseuh364cY=,X8Ke9s/BZlLqUfXQuIyAMHxfuxKkUy3gtnTCjuRec4o=
1ipSzhPCczX0KTxpB2sByt1Wmzh/p3hONbWOk5Qq+f0=
huAHsMXksPQEk5G7nvX/FBL5bxvSvkVzvDvUXQIxc+c=,aMqBIQWAJDxsaREJ7PQ5+TWZyVi4vquWaz06Y9bjpqY=,ATmFIhMF/kdpfXmahKisqIgvK347yGue2rSJ6uLjqys=,nap6/Knrbx9cCbsXAJ6g3bxyL1gpp59qTwMMe4biEQs=
llrdtdeeTuLSgbMmC4ledska5P+39IFvmKs0XQ7izKA=,dRcndwdjoTioPEE3piif+E+OHEmP67KNSLrZqXk6ops=,aNipIrD2LmAUdPtj0Ckb0NoGE7JCVs6HpaRS/zVxKb0=,jkRvisu1Xg42kr0rMZtnSBwtcdfXCV61i2ukhML9zyM=
8scP5YqRD821FufO9sU/h8VNRKBEHldGcgZDAkSeY/8=,xR2BuM+cS+t4wWIsUi7w15QUmbbdkdt3bjwvhzHp16g=,OEPfRpOierNqJDtuhyLSNz8vIxr0mcDt3rkE7sVcEGI=,rUIB1GkvHofXJcSZtVENgr9X1hF04UxFSk5Ke6gdWb27Z34sxwSxSSwjuVz5cIt7LM1l6gBHROx/jL27ZIt5+A==
1MNYzuKTAkrKtkXwnxQ3FEG8IxwiaNmmxwqgqHwUzZE=,aVZGpD1EEFrlz4CURP4MUrmHv/552VjUFJCG4MhzepU=,Vg2YOIKwnKiFEdfGry8zhiDsi72hFObk1lHoXzNXkzA=,d94/IEatdzy7dRA3QnViu7TsrvUZ1zi+GMqaoZtWzmrWJh+4NiEEVbmWRBqgGqDO
m45rAUv1QrLmF1L3hmhYSBOgt9phFmEor5s19auPcYY=,sTehAUptEzSOn+43hZ/crEZZANDkMu8TF1CJaW+BkNI=,ni6XhDKvQRnwQxn2XIiBCIP/Knz9hcbsuKxOlKJxKyw=,b4LFyMSCmOD5Gw01pADPf9pfQkwI8Uj/kcoo0gzaxdMxylWUs3Eoq9gaXg29dmHs
UtDjy6LnQ9bYYWDmDcwPg2CQlvcRfnvpjeedWlgc0N8=,8R185XZVBbtHA3iscLiCiz8pNLETj5/XYlTA1j94/sU=,WTm9NO377BRPto2vKEN/9KjIyBVYeAkUTRqWTu22om4=,vowFUeEuERqh/cKBATpNMVrydahpJrkDAh487K31JQs=
2tLv2WFpojDGlqkJBruTE1kfsp7e8JyA/2KwDiv1jwY=,vbWX3IQXfxPkHa/1TT7BLw3aBdM4nm7dUEEQwgXtjVk=,A0i49oC3CPtxbQUzZ2TVbFJviZZS3/46tFKS/X65QKM=,zQhrlSK72eBczlcjFuicqeBdDhROLuE9eJ+N/6pCrGJLKSEIScT+4u6DDI4i2u1j
sx7r8hIHbiDh07XCj1YCd9qRwhOOW5lNXj3TIeQlvK8=,TcC3iU5LgfLMo5m4ddoJdB1q2WRWClDhkQ/MjKJMKTM=,wOq5uDZCbT0hcJ4gpdhuCWevYWE94NrzydKa4FkzfO8=,FPDtcl08INQ+nvhKnlctQ2ZP7FOwKHYbBQnV34xGJe86r+v2MvX1ullLmMuFlxE5
N1iC3ls1cVcvzUH5Z9sJCVB7mpCXbfTOft6+GZhbhlg=,3fvxNQGlTu9YK1QdBa9zU/hyznBZ4CeiemHFMXncSxw=,aq589paEdEnWZx96nSe7cPyqlfIwS/5S+BDKJaL7Yl8=,KnGLZbukOKZhmeeuLjWFD+X4q7UiPL0D5Wobo8m/x5WcsSkBQtXLAeEl9KXoaqSh
KGlpdIsl9o3VepujGduPnzXeAxyRgUAoEguYz45ahNg=,qXl74HqfwAhlZ/L+FB1VzQuiZfYUAGE8q7j06mjMnEI=,s2TsAeYMuk/+02fdqwzmr8fY9zrUzlVYvDAqYZPBsFI=,rsuFYowFcnI4068w/84xgggpUSrox9dwxCLO0iwI1C0YvshG/ZsTQKWjQkMPjrv2
HmpQtrgVl0b78zSYpZNwUiuEPx0A5EsXTrlnDE0Y9yI=,Xz4JmxhkMN4pjV4UotKf8dK/TKMVeDUX04ExIMJ2GWI=,Wva90WesSlJ/3zyYyIqkXrBZ9q9KatNgOVioTZl9n7g=,vxexygGEGgbQJ0BwDiHpVDiT7EqhZFC4A+cycBEAZAA=
uVzGlT0ejcqGPxj/eB75jxvDeIdYU9V1PTuxD2DEuds=,oKQ/KXk8l+sOPGXLK3/cXl7T7VdU3kREfCq0XzPcZ7Y=,wLt9jvzsGHnyYzCCgvl43CXgSrBqfNfKny4rGQRkLik=,Nrg4ZYwmLLu5JmgW3xaqYF6x6ATRfsAOHVASDR/Sx94=
rW25Hsq2QWG2GKtte7UFrTGLRTV4+XiiAytzYxciNZY=,5l2cqW7L3IYuiJYlN3lbgw033seKALIkTrXltbRhvm4=,k1zSTCsE8q7CR3/4SeReLD6lVUD0ilgg4IaJ4CFsB/E=,HgutM0GQxoq7d2hAHo7AtOcvAIBgpxP8CJoPVIR/SK4wu58wXJXX/IOBcAU5xSuj
OKopqoaSV30QyJPr1hdZof71j90mBupBoqg+kkr8BEc=,7tjbvgMVVA67d3slytD5A0/Aggh/aIshCRuAU6fCbaI=,JnIonekIJpIDj2W0PzWsnkQstbYB3eJpOZVVg3YSwjM=,emMCzgmOeTrPBJkkW67dZNtl7Rr/23aGBQkJZUkCAeWxocH2zF6w7k2jACrp5+a6
RM8DhxJ+YYkcBs+blabj/gV3KoKZEEvSIYPt+wx9rAk=,4ix16Z3rJ+i5BFaAk26qiEa6XnhamHypcVapNHyu5xM=,q9inHmqb+M8R6WGR1SERNu35vzlqFgMbZOLP1Z7Xm2E=,J5iDNGzryjhpUJIZQ45nsT0Bvz5eoCwBVy+GNQurFE4=
MY60IsMpo+LzA5FrmMJkKBIYwYP4O65COHS6DrQ5eMw=,19CWNguDy6YfoL1t070m65/HbJ2HGg1coHN/7OhWbgE=,GmNABBRJxvrLBj/IqrGP7u9oQf0J9L18OFsXIjwWWz4=,zYMAtZyhS/AVtKwEUl2aiPqh07TMPjUsJgyAoh+HR2I3LgwfsjHSw2jr9jvOTllx
ehSaHFkpaQM8BxJi6wC6jg7Qtux/0t0R9OscIzeuNdg=,gNJDNRgZq7qCMUlfuxd4vSLblEzWRzI2XHSedHU3yHE=,IMbj1XswXTSqceVw0P+VZaetjHV5ParrAu2q1RJXDMk=,ZpY4HhokYd9S1IoumwTJ4OUpRaw1p5UhgAS6c1Ys4qo=
bSKna+DyvHtzo2RFWQfLlfPGb4mFoEqL8qgUuzcgXvc=,eqGAQxTys994H0qobRu4KDt90P2G6QsVcvb/kUSpaFg=,coBwRsq/oWSQGLeadnJubK2K41WZxTcleJcJ0OB76s0=,sD4iRRAiCuJQ7RwHa8tph15ZZYgc5ugwZBPJDpSSoIA=
ZSaYPsxIauehG6vsh+56tc9Opk17Jset8VwuSHBJVxc=,pAAJLGeW6tgN/QObU2QosvLT+hYzdq+80XLZXTgVQ+I=,Tl+N/i9hUKDz7OTklEEYMA6mg58BEjfLBa1zbexsJ+8=,uTgjAqYJ9eUKVwR8XzHkDu0piv8SwbFeOgGFvSdLZ7U=
XIK9v0Ai1IO3yvh2ru/taBbNowpkp6zJyt0SxLIXK+U=,+Xq4vuF2QN18II7GVmdOvq5MfN8VfC8/sHorNJWZnS8=,l69rea0nY3RmYOMEpS7E8WMQ7oFTekRY9kOQrLk4B/4=,E0g2l99lFtcW05C5JA0iU+h0esrWdlLODXiP0eUZVrU=
8MNKxffUeDE+qxyugRaup3Hun8bMVZNpf6zv6qKLJuo=,IAQYYoIQji8Iq/td2hmpdCuCZo0y0uIhUkrc+chxsV8=,MrYVK1nOenguUlRjeHiHknX6TAfKp5o6+/30GOeI4z4=,7nvWHVh2yyYK09h+d3bubjhqQn0pHKp6qDc+7p7pjiaRLX/BRbOnS7Dm1NPdM1DV
CUqHBl7v2JJKqPhpaB/2wenz0E2gF8KCTv6rP4uI6/o=,ONRxbjgY+f6lwq6uDMbqeFxRZhHxmLa15bp+wd9uXN8=,4jzOrpoIQxSC1WFOfKvNVlVUsHD4KKf4poUA4jlPQmM=,3AEE+oOLfPU96/I4OfpyPcbIbnEeYIHEyHe/W2rkxEg=
