Ig2KMeK3Upil8DVsHQ8aay49WyeleqreiT6MNVmT2R4=,DkaHjmQWPcYLS5PbQlXYsVOBXTHJhrdHdXJThDQLhq4=,GBtr8LRHZLIMYDlEeftvy6YlRkPLAcsxtp0TkN0gfp0=
xQKN2Lph2Nx/Ab+HkToX4Gh1otJMKHBfLWOLea0Eb9o=,arsfAI0g9gciFpEwTRUsghJvfW60lySQyQGykQ0FSsI=,n6EWyV4YgvKXICTPDSD5iSZg5EIwbc8aRptsD1I8MR4=,F0jYjeVVSo0Hz83or+OmNxAlkKdkZb/33hTUwPLem3k=
hXg6xFzRNNH3IEzOysjLxNkJfupmxUzXaptP1VaO6BY=,dNcdxynq0iqYxgCcAcJdwJWl0Q+w32N+c1d7X4lupso=,87dSqEE58GcfZRfH4Xe/6cD7mHuJbykdwTeR+fDo3Dg=,VmoChS+y7ihb1aLLTJ6fTo1GPwAYLz2hAwL/1fwm7gQ=
DE4kcN3qpVqS8B3KqfBsvtb6ZgQi/QI+qP/kFZBk2II=,YDCHnNyHRx+hVf8LS2nYPzDEQ9WrotcVssMgfw/1WJY=,lD9qLj7FKJWW5G518V6iIGvYXwMz45qaYq6cHLjnMXU=,dKfIcqEZcccyUyEzS8cC9uxUYOlsmPIg8Wo585ZOpRg=
qX9PFbqXaE4AdLHt6JhshIKHtrjBEG40a1j2m8ZqogY=,PnETd402/26g+BkywUGPA8fezc06OF73wO8u5WCxCSE=,eDaW1dB8Ak6V1dnLiaRKl3jW8D7uF9phUExs4RsXsLw=,icMJO/iQTr54XK48vaaBeKcMNzJNde8LXrN5iTnh96s=
3jcdS2z0HgbJPT1OndVWBeJF813nWs/KkldPfTAS1r0=,xhOvzwy4m4dSrH7hkTW2KGYRueDFyoHfjolowB75h/c=,D9mQLmu7XMn9Tk4AvzmTEluxGk6NLQgzLU3wyZrmgAY=,elJEwkq8YVrLHsRFj7uaBiFePUM/o+qaPa2sTAfVu6k=
r6EZY7xg+VKBw9yAs8GCwVrk9s/U8CyJkRwxj/GsuF8=,5YHO8setdWy8GV0UljpVV7Jh8T9gFLjR+l1ZK1alDWg=,BQK/wdsePo/LILLeRAnVjYmGU/EuNw/sNrK68mEVRS8=,EeKEmgRgPFBpuV6O+Qa38+MH1hozQ/RSWVNuzfyR9Jc=
TqUD52ud/0hpsFbsaaeBIZ9tYD9w1yj3eUa4lr7My9Y=,nuReKpCAAdluvOdtnbKG6w5YRZB3QG1ELnwT7QTUxJI=,I/+g+7SIJ8vSUr5ks7VDoQg+wgXDP1LgluUKgx/6sBs=,8ByBUpaAwsFGwO+/BV+1tRsrp+bGEgFbtdwKrw1FAvuznlBfA/P/IGzQ/jwyxxP2
n9JUfTLevb3djxOgBIX7TAY+gbTCJ60poBOTudjqfwU=,SYm17D0m09hNxGmR2h3QklpIbx1niP8yAdQVStzNDxU=,Pup03u6zjXB1SDHeNnq/V0EAPjem4IvdOUX5ou+Rnn4=,Hn+Ux7P/X/xDZ778SF3GwaYVYMokeudFtiJVQ3t9IiA=
psRIRC+6Zzw7yVLQA4HY8DW9Tk9DDnpSyuQO8NrDECM=,9OfYoWm2+4ZCPi5ssMMnnjlgjOgIZBJ4fCSXnP0fUP0=,fxPXHjY2gLo3MzLQkt5x6TFi0EkDOiBRKoAA4mOioHA=,2Rdkn+QUL5XkQfZ86pnxh5Zifxp03J5Zwf5/WDkKX1s=
mabHVIII75MnCJG774bBwysUmZQUlMpNWMAGRiyOmEw=,2f5XHQMj3T+p7743yGPl3/hXDU2OLQdL1kNKmIsfj/0=,kIi1HKXGFTa11e2sfUqTYVX2QM89xC3OpiGvQa5O98s=,D9oOkI7Z40/AND+tqekSX84x+saQMbilA5zPmx3RARVrAuVzCKA+y7C4qhCVxFYm
h1YcjQbbwxGCsaxTk6JEaERav2imq0Du7jh/Tq5xVWw=,4MWRsPFvO18oSpVuw2Pd+dzKh3UftLkHMiGifdWwfx4=,lfy0f17+pyNgsHd4ceW6c3ezAhSdFI0WZmTEJ+ZFnLE=,DNNyxUheXXlesubr45K5hWvZA/orBsIaW/ka6pnnxl8=
