nu90OnTjQJ8kgjXv4qavQjW6EKNdAIfoMSk/S8LTq6Q=,KgY5wev1RA4mT4p7cxSOcjuWQY05QzNhBasGQo27UcA=,Z9gv8DBtnGy6gqNXWzM4G4/BLhiVjHbvOhM0m/CXtDQ=,H3R5vh6I3S74IUBTSScPu5dvuTD19beBvs26NDLp3fQ=,qXqkSL1B1PeIa/uuVcIEdxecvX+XXNZxh4K0ytgXrMM=,MYFacgCbp/Rs+GtRNbTEPkTi0nZCbtAYwkZ2SVxfsbw=,EQRfSEJ2xBZW5UsaBWaGnyAA3dP9tzHcFrd4PgZCXN4=,xvayI1ENtxnnOlZONhs2lsBiEYG8p8MjEa9ss1NhPak=,X62gR3v236YQzS06nDhAaCErfxP9q51OhiOtQSVftBo=,MwJVrbpkouyMLfqvwWkvk46kqHZ8eUQewGgAhWJ7xUo=
cFHr/kWPPVh2zH56Dj0ZwXySQRL8P8/OIt7pDfe4tnw=,03Ee4cLZad81+n22XX1Hvz6X+qaRUmKiKm3IPCkLZW4=,4V6nln3XBol+FPDkH3uAuUckQqP/kPrCE+B5ecdeIyM=,ojM0bHeDFGI2iN3We8/6Pr05q3YNc4T5eq5pDiGqj1U=
cc/0PkNbh/bJxzZZOpBRiyXfopM+jTvH35/2qYRao18=,tKHT1LmHQeBeCJmaCQdIjkqAzKfVnYh1td2HwPzgcTE=,cZHIywLz/rBV3BLk4YyjH8i/F/naOR3KF9dUMzlMFnQ=,noUnlnRkZG+TmqcMUeXq1B1WanaxT3h9svfD/5sCyry5empO1XuyzWsKieQwJ09z
FoV1ZhVeZeR8K+K36244eHNQHW3/hELMJ+R1D0XEYi0=,j2rQz1fTIuDym96G2tqDSQeBg+AmnVNK/Qa8DuJuVaE=,hELXOnGi3c38vb9dzKzkknjNl46FE4cAi3kWwbWNwmo=,BAO8yf9EgibE88B1L9N2zUJxqyslFPiPbOugXu2QTBk=
q+eTFoRx6S0f4p8ontbw3s9WiaTQuk+RfasUfxvnkWU=,Xxy4NZIDT/NWQfq6sTcMEMxXf2cPisbsrkU/5sPGhA4=,B+DyX0q3+7EBZlgEuHQKdItfwlxtQlhpn6XdWwYoRG0=,mwSZ0qiSF1ooz95pSOgkosAJ9wTKPqphmUNavAisaO5k8CM+yyGriny3MMnESbCO
jqHvXiCjeA2uZ5SIIF/UgGHknjDvT1856bVZcbitzO8=,APeCA7+mPGb1PIltn/bkgDlrChamqCrvWzzsyuLEEyc=,O9FSfA8rtWmPXp+vfmtvgbRI+UY2HEMQw5ig5nIzvdA=,rhAUDv7UUGqV5FZ+ppO3hJDFrlwA8HBonvVve68cd3Q=
Z0SKq0R7QFQqVzXgriRPIjkjuNtKfF/9aV+CdNWFj+8=,78r1b6h+cLE+syjWCaqaqxXbC9lg+6+JZBWlTiMU7To=,j3SEvJWelMFGujD0S9UgIsTvTac/iQyu+ChbG5nRgXI=,bGrYsMFAe8uBRKUEyxQroHiK5/xGHpYLVs6d/1eSD8o=
5uFCMAy/5iY9MwJVk4EhylmHE+u8ZIXgUqoVdQKOLq4=,1SqnqIZwM5CEIj5ZA5qPzE/2V+oiilS/uMoWy1GmQyY=,cxTMmr11RBLizFmZi0r9xcMipUCMBgeXT6i+qBh5SN8=,3n8RVXpU9wUmUgo/WhmRdeNLphOBbnG4mr3iaGJ/oPgyRfgkzgqo+3m+Bqb7TC+L
+mHlNNpo66tE/Y4uEvZgJNyd+StsLfNLYZbCbyGzrsk=,nbpyZ7VgpPHPxRttP2tQ/KKCKiS4aG17ZX8ObS33VaY=,/WA/JCckuL5z3M25ONv3xzC1LVskieBfWJ6FzI93TM8=,8ua/14DJsElbmC+Yuj5UNIDig65GX6gcdcI/eDyGoBFstDpJIvPpv4SuB+Pvozed
YozAPbmlwn4qR4pnPgFj94SrPIcv8DF04e0uYQVeQOY=,dxToaUa94v9VVhOpNQ0d/Xhr2v3jMmfGiPigCqNAqJg=,YSfj6KC6ufkk/+vZaLMvH4IJRdYAibbFBMtNkYKYSaw=,6uEyRUNmP3pR5QeinXpFnzplciQuywx2esBez3bOzXqDF59w05ofxhGsrn6ss2yz
pBisHHFLvPUgaNR6M7w9e5+eyfbH+bmwIda9YmD2K6c=,xXNaqAdygybiBkLiYcq0sHP1ibD9vHN2ekWU4Aiz0FE=,DlzcLivQf2jRR+JvDwK7t+ydN+KX42FrGFuO5dFsheg=,NqXlZslKSNKO/x+3lMsEet5G27F38126GNqcogDv3js=
HrmUFbXpivVsLGERMQK4KVUQm61ZAkB2pYlykYZFvUk=,OLs21R48Zu9o6roUA7a0Ex9e/p3waYR3yJ996Jy9uTA=,m6gNEqL6q/IMwqQpFjZJsPx+Ci7prFb8FcjyjpZxv3Q=,VH4XmBG8ltbQ8QQGvzryNLPSt1QzlYQ3YDh4q/ddpLQ=
D8ds+LNi5olnT1pUOwRePtklrDJ4MDcsKQeOeQnZamM=,oYkAlae2UwtU7l8WmuI8E9RU4nMbAv0EgIKoH6Ap7cs=,jBj8kSy+DFnxTNW4vZ5tRAUy5NHK99jE8E6MpYC3Ep0=,XFGR70Wht+ZkbpCDrHgC8T1YoNoV9KH+EYsgfyaa4Zk=
D1IFwS/8w2GIxIekg7skpuEYZwSQ6OYbu6EWWq2U+KA=,GCSuKYAOUI0FLCuYuVIQR3ZG5SEBJ9RbMGyfEankNJ8=,kfoZflhQXBaQRuE/siQoqjDX2kIAig5Vu/F1OaFWPxM=,DS7006TTZTmW8rSHLmcyW4cazzTU2dMdNPOzft/ueW0=
FO13OlQw2h8rvBq8rRFu5bTz91fslJlN/CKHfuqlsM4=,vyaJr2WEhNat0aTUwAFvAOkFFzn+N1l3lr0rGWm/Stw=,2/sFXyhjS2Z1XwbIyb68/JhCX0Vdx0/ve0f0yR3EYjI=,DQOtj8l0W0yVdCl8EdCaAV+ADRhiST64nMChEvOnXfo=
KjnwI3rkxiQRkZmQ4o4g5gkhKazaXCQW9wE3EToBqW8=,wttkP6dQB2LhsYt9zi3gStV1RMgmph41C6yLqA4UCjQ=,HPswAKeGoCdliqXdvGYgQlOsdILFVHMw7pzj2Lleozc=,DqRV0q7AWmLztjN6d90kvxBWmna0tJLkF9lnAxbU12o=
FPHvl3RgStxAg84NmVWQ4CnF/sJ3GbWVvQo6Rl0vpmc=,GW71pra0b2GPdl4z83MNiPm3BJe47LeI+BgRUK1O3LA=,P7jWJhy82QQKnBWmVvD7VJlNTWkkf+TiOr7zBwL81jk=,lrOQnqnJwicUQQwmWfm5agEFINagGXnHqVgX0/wxzEs=
WGUZSI7DgFDyOGEe2ymMS3rF4J7IzH8qIFJIx+K3u7g=,Zoo83Vn42sEMpM/HYKth6NWys/fHYs6VJ704DXn9HoQ=,Nrc1Q9HzNpmFwkLsnQq4/CjwuOD56lymtpWLXcKZC60=,VI0Pj2kcpT8ziXOc7hvBX6H/fD9Db8hEGoORCk4Pu2s=
+8FvkHGQquoOh89ilw3X4TzrT2XlrGEK4q8YKP9LiVA=,4cPdQZN1zmCPeTCSseMRSHH+/w+g03WABGUcHicuhNU=,BcKziIjBAUydMSLemX35kdH0OywAdoTSEGyUGON0JIY=,77LtMJBPjYSyT9FlXTQXZ5PdG9fPQvaXZ0EzMvWEa40=
HbVjzMF5WpeqKfZJXofa0Kg0exOefC1iMdN/dc7I4/U=,iHByCj1dybCNZrZAvIt1bJ6ORLYGXrlRhRsV5CW3k1g=,m22Y+SkzTNBQKsvVT9zrxOYw2jY79dVVTULsbX3SUrQ=,EwMF7XHsRqM+SIWpeA2z3yAQcEGXyM1BGyngL6P6wCQ=
hshp1ntKFYYV5UJlcD2U8Jk0zPEgppUzAUFJB0wX1Mo=,8+KYJHa8knhdk4+1S0M5Ss3LaA+sUKq1JQ3hTfmH0fs=,9QSob99Ze5thqHIDBCBtqb259gMgIBrPcOYF11lwudQ=,j+0F7VGkDzvcXSwVu3X0VPChgADoaY4AUjUjh477aCQ=
vRa2/PsfmFK9aoLPgx8f7Aa/9T8dyvAcvgAskAQt320=,7aIueC5SeUUGwNgWjzMCzrB7VE1V93usTx8muR0ZwX0=,LCYuopeaONdyDRAcVvyI38SCr9DT02P59YMEKHMPa6A=,fMPWZ0o4P/mvrrrZ+28oQJFuVWzH561jr17uRx2Mvo0=
skIgqve8cyKyx9Nxn0yqb9w/oawcv6E5KZVs9xHwY2g=,b7I4ukzJ6Mmmfj0WYCv/Ks7g/qG+A9bgJvGjpxAy+EI=,7q7P1l67m0MGfgkACjryLlAoDjNo/JoOF8uzkbEDsiQ=,y+t2Bwuhz82+OuA1LIpTJY4ZtuB8Cu60WcWdaCYtKxw=
GNdnTRp6SufWwPKvzZSaBLqNTXaqv5gK2qnJGmtUOAA=,PZBgl04kGy+xtq5aBTb5F7h6ebSlGMrPQqgAiutVMMA=,PI+pstXeCblXi4fLVPzQN2ALY2CZa9t7dkdulclt6Nw=,4SV1HrdF1dXXUOn36SPqiJbYTgRXrHifAfZOczVWX0k=
pb1IhSxk5YO4+SxMViz30Keeye3tyOAIQNXfPw/VxMw=,7KeVgajaYuL3nwnLLQuH4bg+RzM0k1ZWsMs9dVmUGj8=,tpIALDeCb5ojBH/8grQ/h+o04LyeZUXYe0ujwpHH8RE=,7UVnfLFH6/6Hjcmlvbyp4iIBBw4Hu0AI3MkBjrKeSa4GWikq1C316ISg5PQNQmTu
wKDscINqfZFX9GbiEk1bAyRW32x1RXQlgibbJI3T2hU=,MaDhyPUkf1c4RpYq4TtzkXwr1b2sGQRZ5iB4HPGFDoU=,YOadTUqjm7DFg0pMqyabVpQ4S+r9UVqhBQ1eZwyeIaE=,47L+uyVhhBxeiPD7jU7a1o/G/uIW2ydAOG732iow+TxVeQX3qskvahg5B+1dIDzY
S3qP88rmhCyizOnJWNpk4HSE5vTbB4UamThfAi3OeD0=,ZQQ90t2gY9hOfuii8+yt5ZH6ZqAnPMwYX8wDoA7A548=,2Jq+DG/YvCYFWeRuZ1y7Ruf4zGlG8X00itswMACjVII=,Yn8eYd7QEm1NmGCwcxpmKf+MQn6828fxkVqLZraiIXE=
AA6WMaz+FJlqB+zeoGjm2+DFKUNPa2DadNezwRcZfe0=,M9iPBMN8BoL3H14Su8Z3Ofvnzj8erD9YJFuOfSAAPA0=,QjRCkqkNfEWoyO1wJTgaQ4f26tDt4Dtl6HiuTgk3i7E=,c3xQrmF4htkbgqz3ZxndsNb5SsbeBtFbr+OVvusOXr8=
Gm2xhqRdzhAoUAVKSKgr1jUqaksc8j+r9jqgrLwGzio=,Nm+Kaqz5mxTDfhhiY5AYhDHC6oSYlotN5I8IrjPI2B4=,8rMEMUWyuoosFjDAoUNGb7K6mJabHCTAxpiTY9aJdOg=,i72/V1dwDNQvWsKVLdkILlyH74iQL0FQpfck9bui+XOj22f8MqkU+VmQesldY9qj
O4m9soB3XJphhaJhdR9h6qI9xF6OFB9UwJLlZoPfUps=,lMLbW/lKZiOp6N4DP1uJn8ACYHZnEEozW6ZJpf7CR8c=,dmXkSZkFuc9BXIqBBchWNiCLJx/5kQKhcOQclln1sJk=,Ctk3k3EjGWrtmsLqR8jl4QLVQ1H8pDSTK5lHQyxXPug=
l9RmF5hUSp3Bms78HDoaR7h7yTZ2g3whcekGj8I9ovc=,LpSKsQqjRiORkZlHvUAFzLAlV/Z2aXdZt/euJzZ2WIw=,4TnsBdaJTJcIky1w/xU+SGvklqavpThBuGS8hGDHh8w=,Hn0bkd+g7WDYpH3BQ+ScIXQUkZ8o/ot0P5bJPhtT/sE=
wf8EXEi6zee4Hlz9+UHa5SLZfS7QWUUEQrb6QrgK7F0=,vtO0QAvHDFcBTlJB5jDRsm1dimsrXG48JKbjBnspwYw=,3Cnx9nmSrT5qL+ZcgeQ2ECMqdSvX+uBYgyV8IX3GqOE=,yLskG5F/fzmYY+pJuq+Ij6J8UGKrjpJYMJMtUbSLqGU=
DCFxPD91EuahiTFX6x6ALYpiwuu1XaVQHZCFyF7afHw=,0M0moepLFKreDoFYCK4kPHd4ks2lVZXxKXPzuRtG+dU=,/mCpHqj3866OSsPpMGn3ofgPLXPdEBd0qZkYv4U5iIc=,4yv+AWqS2afhveDyNqm9cpg74o47/Fl9sVm2/UT/Od/8/t8r1pkzZWJ/k62Xsep5
v0lUBWfUFV9qnFL+gkRWa+pytNUQQo+QnfGQb+13ecY=,5o5alOO9CkRCu5sCBhG7fGJ5XX2ussD86AQoIp2Uy0c=,gz7XgOyPKKuLvtNJNPD4Fg9wzb5IqgTZnXBK0R4vOfM=,aTtvT0omlIbyiw3jJvaZDrcdbTJvicGUFurkEszaSvdYmqEqz8Cr66qLao0gkTT7
